,title,date,country,genre,rate
0,Maldito Amor,23 October 2014 (Chile),Chile,"['Comedy', 'History']",1.1
1,Fatih'in Fedaisi Kara Murat,16 January 2015 (Turkey),Turkey,"['Action', 'Adventure']",1.8
2,United Passions,19 June 2014 (Serbia),France,"['Drama', 'History']",2.1
3,The Other Side of the Mirror,3 May 2016 (USA),USA,"['Drama', 'Fantasy']",2.4
4,The Broken Key,16 November 2017 (Italy),Italy,"['History', 'Sci-Fi']",2.4
5,"Duarte, traición y gloria",26 January 2014 (Dominican Republic),Dominican Republic,['Drama'],2.5
6,Richard the Lionheart: Rebellion,11 June 2015 (USA),USA,"['Action', 'Adventure']",2.5
7,Blooming Flowers,13 July 2013 (USA),USA,"['Action', 'Adventure']",3.0
8,The Son of Raw's the Roman,19 June 2016 (UK),UK,"['Adventure', 'Fantasy']",3.0
9,"Bolívar, el hombre de las dificultades",16 August 2013 (Venezuela),Venezuela,"['Adventure', 'Biography']",3.0
10,Pedro Calungsod: Batang Martir,25 December 2013 (Philippines),Philippines,"['Biography', 'Crime']",3.1
11,The Lost Legion,22 January 2014 (USA),Czech Republic,"['Action', 'Adventure']",3.1
12,Tanda Putera,29 August 2013 (Malaysia),Malaysia,['Drama'],3.2
13,The Secret Path,June 2014 (USA),UK,"['Fantasy', 'History']",3.3
14,Frankenstein's Monster,3 October 2014 (USA),USA,"['Drama', 'History']",3.5
15,Hymns,Romance,USA,['Drama'],3.6
16,Historia Roja,4 March 2016 (Poland),Poland,"['Drama', 'History']",3.6
17,"Alkiviadis, the Unruly Student of Socrates",4 November 2016 (Greece),Greece,[],3.6
18,The Founding of an Army,3 August 2017 (Hong Kong),China,[],3.6
19,Katherine of Alexandria,6 April 2015 (UK),UK,['Biography'],3.7
20,Carne the Taco Maker,1 June 2014 (USA),USA,[],3.7
21,Master of a Good Name,2 March 2014 (USA),USA,"['Animation', 'Family']",3.8
22,Karaoglan,11 January 2013 (Turkey),Turkey,"['Action', 'Comedy']",3.9
23,Sélection officielle,17 May 2017 (France),France,[],4.0
24,Wang chao de nu ren: Yang Gui Fei,30 July 2015 (China),China,"['Drama', 'History']",4.0
25,Vezir Parmagi,25 January 2017 (Turkey),Turkey,"['Comedy', 'Drama']",4.0
26,Tôkyô Densetsu: Yuganda Ikei Toshi,14 June 2014 (Japan),Japan,[],1.0
27,Ushikoku ni mairu,14 November 2015 (Japan),Japan,"['Action', 'Drama']",1.0
28,Death Forest 3,12 December 2015 (Japan),Japan,[],1.0
29,Chains of Mephistopheles,6 March 2016 (Russia),Russia,[],1.0
30,Bloody Massacre,4 July 2016 (Russia),Russia,"['Drama', 'Horror']",1.0
31,Forest Tragedy,8 July 2016 (Russia),Russia,['Horror'],1.0
32,Desu foresuto kyofu no mori 5,3 September 2016 (Japan),Japan,[],1.0
33,Death Forest 4,3 May 2016 (Japan),Japan,[],1.0
34,Mstitel chelovechestva,31 October 2016 (Russia),Russia,"['Action', 'Horror']",1.0
35,Ya vas vsyekh ub'yu,6 December 2016 (Russia),Russia,"['Drama', 'Horror']",1.0
36,Who Killed Red,October 2017 (USA),USA,"['Drama', 'Horror']",1.0
37,Overdose of Gore: Crime born Crime,10 May 2015 (Russia),Russia,[],1.0
38,Maldito Amor,23 October 2014 (Chile),Chile,"['Comedy', 'History']",1.1
39,Ame onna,4 June 2016 (Japan),Japan,[],1.1
40,Delusion of Persecution,6 July 2016 (Russia),Russia,"['Comedy', 'Drama']",1.1
41,Prigorodskiy potroshitel 6. Naslediye,22 May 2016 (Russia),Russia,['Horror'],1.1
42,Potroshitel iz prigoroda,15 July 2016 (Russia),Russia,['Horror'],1.1
43,Vozmezdiye,27 September 2016 (Russia),Russia,"['Drama', 'Horror']",1.1
44,Trilogy of Bloody Guts,2 November 2015 (USA),Russia,[],1.1
45,Chains of Mephistopheles 2,30 September 2017 (Russia),Russia,['Horror'],1.1
46,Attack of Monster,3 July 2016 (Russia),Russia,"['Comedy', 'Drama']",1.2
47,Neznakomka,4 August 2016 (Russia),Russia,"['Drama', 'Horror']",1.2
48,Vosstavshiy iz myortvykh,17 October 2016 (Russia),Russia,"['Drama', 'Horror']",1.2
49,The Living Dead,22 March 2017 (Russia),Russia,"['Action', 'Horror']",1.2
50,Tayna slendermena. Vsya istoriya,28 March 2017 (Russia),Russia,['Horror'],1.2
51,Razing Sera,July 2017 (USA),USA,['Action'],1.2
52,Dead Walkers: Rise of the 4th Reich,31 July 2013 (USA),UK,[],1.3
53,Kartoffelsalat,23 July 2015 (Germany),Germany,['Comedy'],1.3
54,Ghastlies,16 November 2016 (Canada),Canada,[],1.3
55,Mystery of Faceless Man: History of Monster,16 April 2016 (Russia),Russia,[],1.3
56,Krolik Black,2 August 2016 (Russia),Russia,"['Drama', 'Horror']",1.3
57,Tumors 2,11 June 2013 (Russia),Russia,"['Drama', 'Horror']",1.3
58,River tragedy,10 October 2014 (Russia),Russia,['Comedy'],1.3
59,Bogieville,1 May 2016 (USA),USA,[],1.4
60,"Qin, bie pa",10 July 2015 (China),China,[],1.4
61,Raktharakshassu,28 February 2014 (India),India,[],1.4
62,Bloody Forest,5 July 2016 (Russia),Russia,"['Drama', 'Horror']",1.4
63,Amityville Exorcism,3 January 2017 (USA),USA,[],1.4
64,Devil's Drain,Mystery,Italy,['Fantasy'],1.4
65,My Fair Zombie,14 September 2013 (Canada),Canada,['Horror'],1.5
66,Shark Exorcist,14 August 2015 (USA),USA,"['Action', 'Comedy']",1.5
67,The Lock In,9 January 2014 (USA),USA,['Drama'],1.5
68,Domo,12 March 2015 (Greece),Spain,['Horror'],1.5
69,Monster: The Prehistoric Project,1 December 2016 (Germany),USA,['Horror'],1.5
70,Post-mortem,16 May 2013 (Russia),Russia,[],1.5
71,Rise of the Dark,31 July 2015 (Russia),Russia,"['Horror', 'Mystery']",1.5
72,Birdemic 2: The Resurrection,16 April 2013 (USA),USA,"['Action', 'Comedy']",1.6
73,Bigfoot vs. D.B. Cooper,1 July 2014 (USA),USA,[],1.6
74,Raiders of the Lost Shark,19 May 2015 (USA),USA,"['Action', 'Adventure']",1.6
75,Death Forest 2,21 March 2015 (Japan),Japan,[],1.6
76,The Forbidden Dimensions,Thriller,USA,['Horror'],1.7
77,Krampus: The Christmas Devil,21 August 2017 (USA),USA,"['Action', 'Horror']",1.7
78,Kuso subarashii kono sekai,28 June 2013 (Japan),Japan,[],1.7
79,Homicycle,26 July 2014 (Canada),Canada,[],1.7
80,Jurassic Prey,23 June 2015 (USA),USA,"['Action', 'Adventure']",1.7
81,Krampus: The Devil Returns,4 October 2016 (USA),USA,"['Action', 'Horror']",1.7
82,Little Red Riding Hood,18 February 2016 (USA),USA,['Fantasy'],1.7
83,Death Forest,20 December 2014 (Japan),Japan,[],1.7
84,Marilyn,15 October 2015 (USA),USA,[],1.7
85,Paranormal Sex Tape,24 May 2016 (USA),,[],1.7
86,Opasnost' ryadom,29 November 2016 (Russia),Russia,"['Drama', 'Horror']",1.8
87,Exorcism of the Dead,7 November 2017 (Canada),Canada,[],1.8
88,Dead Forest,23 March 2017 (Russia),Russia,['Horror'],1.8
89,The Dead Will Rise 2,11 January 2013 (USA),USA,[],1.9
90,Isis Rising: Curse of the Lady Mummy,18 January 2013 (India),USA,[],1.9
91,The Mummy Resurrected,1 March 2014 (USA),USA,[],1.9
92,90210 Shark Attack,1 October 2014 (USA),USA,"['Drama', 'Horror']",1.9
93,El Altar: Demasiado tarde para rezar,2013 (Spain),Spain,['Fantasy'],1.9
94,Joker's Wild,June 2016 (USA),USA,['Horror'],1.9
95,Amityville Playhouse,15 April 2016 (Germany),Canada,[],1.9
96,Koshmarnye sny,8 May 2013 (Russia),Russia,[],1.9
97,Prizrak 5: Vozvrashchenie sudby,6 July 2013 (Russia),Russia,"['Crime', 'Drama']",1.9
98,Dracula Reborn,18 May 2015 (UK),USA,[],1.9
99,All Sinner's Night,9 June 2014 (USA),USA,[],1.9
100,Gui zhen,17 January 2014 (China),China,['Horror'],1.9
101,Interstelar 2: Operation Terra 2040,9 May 2016 (Russia),Russia,"['Action', 'Comedy']",1.9
102,Almost Dead,Horror,Italy,[],1.9
103,Exorcism of the 7th Demon,4 April 2017 (USA),USA,[],1.9
104,Death by VHS,17 September 2013 (USA),USA,['Comedy'],2.0
105,Apio Verde,July 2013 (Chile),Chile,"['Drama', 'Horror']",2.0
106,Alien Showdown: The Day the Old West Stood Still,Horror,USA,['Action'],2.0
107,The Taking,13 April 2013 (Australia),USA,['Horror'],2.0
108,Lone Walker,13 May 2013 (UK),UK,['Drama'],2.0
109,Devils of War,15 April 2013 (UK),USA,['Action'],2.0
110,Amy,1 October 2013 (USA),USA,[],2.0
111,Attila,31 December 2013 (USA),USA,"['Action', 'Horror']",2.0
112,The Beast in Heat,Thriller,USA,['Drama'],2.0
113,Nosferatu vs. Father Pipecock & Sister Funk,9 March 2014 (Canada),Canada,"['Adventure', 'Comedy']",2.0
114,Mr D's No Thing Tales,1 May 2015 (USA),USA,[],2.0
115,Kü'fa: Cin Kapani,16 October 2015 (Turkey),Turkey,['Horror'],2.0
116,The Cropsey Incident,11 July 2017 (USA),USA,[],2.0
117,Disciples,12 September 2014 (USA),USA,[],2.1
118,Zombi kanikuly 3D,15 August 2013 (Russia),Russia,['Comedy'],2.1
119,The Hospital 2,26 September 2015 (USA),USA,[],2.1
120,Blood Reunion 3: Hunters,24 February 2015 (USA),USA,['Action'],2.1
121,Viktorville,30 December 2017 (USA),USA,['Horror'],2.1
122,Incall,1 January 2016 (USA),USA,[],2.1
123,Paranormal Retreat,2014 (USA),USA,[],2.1
124,Countrycide,3 August 2017 (Canada),Canada,[],2.1
125,Forsaken,2 February 2016 (USA),USA,[],2.1
126,Nightmare in Russia,19 February 2017 (Russia),Russia,"['Action', 'Adventure']",2.1
127,The Omnipotence of Dreams,Horror,USA,['Comedy'],2.1
128,Lust of the Vampire Girls,2017 (USA),USA,[],2.1
129,Zombex,26 October 2013 (USA),USA,"['Horror', 'Sci-Fi']",2.2
130,The Coven,16 February 2015 (UK),UK,['Fantasy'],2.2
131,Exorcist Chronicles,1 April 2013 (USA),UK,[],2.2
132,Vampire Boys 2: The New Brood,29 January 2013 (USA),USA,[],2.2
133,Paranormal Movie,9 April 2013 (USA),USA,['Comedy'],2.2
134,Lizzie Borden's Revenge,18 October 2013 (USA),USA,[],2.2
135,The Addicted,Horror,UK,[],2.2
136,Seed 2,1 February 2014 (Germany),Germany,[],2.2
137,American Poltergeist,29 May 2015 (USA),USA,['Horror'],2.2
138,"Die Sister, Die!",15 August 2013 (USA),USA,[],2.2
139,The Burning Dead,21 July 2015 (Germany),USA,[],2.2
140,Co-Ed Campfire Carnage,January 2014 (USA),USA,['Comedy'],2.2
141,Arkham Sanitarium: Soul Eater,7 February 2014 (USA),USA,[],2.2
142,Outcall,9 May 2014 (USA),USA,[],2.2
143,Paranormal Extremes: Text Messages from the Dead,1 May 2015 (USA),USA,['Drama'],2.2
144,Johnny Ghoulash Escapes from Creightonville,10 October 2014 (USA),Canada,[],2.2
145,The Ouija Exorcism,6 October 2015 (USA),USA,[],2.2
146,Midnight Whisper,30 October 2015 (China),China,[],2.2
147,Sharkenstein,16 August 2016 (USA),USA,"['Action', 'Adventure']",2.2
148,Dizlayk,22 September 2016 (Russia),Russia,"['Comedy', 'Horror']",2.2
149,A Suburban Fairytale,2017 (UK),UK,[],2.2
150,Paranormal Retreat 2-The Woods Witch,15 December 2016 (USA),USA,[],2.2
151,Ren'ai kitanshû,4 February 2017 (Japan),Japan,['Horror'],2.2
152,The Other One,2 April 2017 (USA),USA,[],2.2
153,Santa Claus: Serial Rapist,22 November 2016 (USA),USA,[],2.2
154,Zombie Ed,22 January 2013 (USA),USA,['Comedy'],2.3
155,Zombie Massacre,26 October 2013 (Japan),Italy,"['Action', 'Horror']",2.3
156,Terror House,19 September 2016 (USA),USA,"['Fantasy', 'Horror']",2.3
157,Avalanche Sharks,1 January 2014 (Canada),Canada,"['Action', 'Adventure']",2.3
158,Amnesiac,1 March 2013 (UK),UK,"['Drama', 'Horror']",2.3
159,Dracula 2012,8 February 2013 (India),India,[],2.3
160,Shock Attack,1 March 2015 (USA),USA,['Horror'],2.3
161,Werewolf Rising,22 September 2014 (UK),USA,[],2.3
162,Dead Rivalry,2014 (Canada),Canada,['Horror'],2.3
163,A Twisted Tale,6 April 2017 (USA),,"['Comedy', 'Horror']",2.3
164,Nocturnal Activity,1 November 2014 (UK),UK,['Horror'],2.3
165,Spin Round,10 February 2017 (UK),UK,['Comedy'],2.3
166,Martian Land,6 October 2015 (USA),USA,"['Action', 'Adventure']",2.3
167,Forest of the Vampire,26 May 2016 (Romania),USA,[],2.3
168,Absolute Zombies,27 October 2015 (USA),USA,[],2.3
169,The Amityville Legacy,7 June 2016 (USA),USA,[],2.3
170,Bigfoot Vs. Zombies,2016 (USA),USA,[],2.3
171,The Ouija Possession,13 December 2016 (USA),USA,[],2.3
172,Night of the Clown,19 August 2016 (USA),USA,[],2.3
173,Una Comedia Macabra,21 September 2017 (Peru),Peru,['Comedy'],2.3
174,Complitation of Horror,13 May 2017 (Russia),Russia,"['Action', 'Adventure']",2.3
175,American Weapon,16 January 2014 (Germany),USA,['Horror'],2.4
176,Paranormal Whacktivity,3 July 2018 (USA),USA,['Comedy'],2.4
177,Toxin,5 February 2014 (Japan),Canada,['Action'],2.4
178,Jurassic Attack,10 March 2016 (South Korea),USA,"['Action', 'Adventure']",2.4
179,Gas Light,15 September 2018 (USA),USA,"['Horror', 'Mystery']",2.4
180,Haunting of the Innocent,1 February 2014 (USA),USA,['Horror'],2.4
181,Zombies of the Living Dead,Sci-Fi,USA,['Action'],2.4
182,666: Kreepy Kerry,2 April 2014 (USA),USA,[],2.4
183,Skeleton Krew,10 September 2015 (Ireland),Ireland,[],2.4
184,The Fiancé,11 November 2016 (USA),USA,[],2.4
185,Female Werewolf,2015 (USA),Canada,[],2.4
186,Krampus: The Reckoning,3 November 2015 (USA),USA,[],2.4
187,The Duplex,6 March 2015 (Nigeria),Nigeria,[],2.4
188,Kabr-i Cin Mühür,22 April 2016 (Turkey),Turkey,[],2.4
189,Knights of the Damned,25 September 2017 (UK),UK,"['Action', 'Fantasy']",2.4
190,The Crossbreed,6 March 2018 (USA),USA,['Horror'],2.4
191,The Devil's Warehouse,Horror,USA,[],2.4
192,Blood Dynasty,31 October 2017 (USA),Canada,[],2.4
193,Ripple,19 October 2017 (USA),USA,[],2.4
194,Gialli,10 July 2015 (Russia),Russia,"['Crime', 'Horror']",2.4
195,Voodoo Rising,2 October 2016 (USA),USA,[],2.5
196,Crying Wolf,15 August 2016 (UK),UK,['Comedy'],2.5
197,The Secret Village,16 October 2013 (Sweden),USA,"['Horror', 'Mystery']",2.5
198,Iron Wolf,13 September 2013 (Germany),Germany,[],2.5
199,American Conjuring,11 April 2016 (Canada),Canada,[],2.5
200,Razors: The Return of Jack the Ripper,8 May 2017 (UK),UK,"['Fantasy', 'Horror']",2.5
201,You Will Love Me,31 August 2013 (USA),USA,"['Horror', 'Mystery']",2.5
202,Dv,30 January 2013 (USA),USA,[],2.5
203,The Lake on Clinton Road,17 July 2015 (USA),USA,[],2.5
204,Poseidon Rex,10 January 2014 (India),USA,"['Action', 'Adventure']",2.5
205,The Vatican Exorcisms,14 August 2013 (Philippines),Italy,[],2.5
206,Day of the Mummy,20 October 2014 (UK),USA,[],2.5
207,Evil Souls,1 October 2015 (UK),UK,[],2.5
208,The Library,3 May 2014 (UK),UK,['Horror'],2.5
209,Voodoo Possession,14 January 2014 (USA),USA,"['Drama', 'Horror']",2.5
210,Zombie Isle,7 October 2014 (USA),USA,[],2.5
211,Abandoned Dead,4 November 2015 (USA),USA,"['Crime', 'Horror']",2.5
212,Zombie Massacre 2: Reich of the Dead,8 June 2015 (UK),Canada,['Horror'],2.5
213,Kosa,31 October 2014 (Russia),Russia,[],2.5
214,Dollz,2016 (USA),USA,[],2.5
215,Playing with Dolls: Bloodlust,2016 (USA),USA,[],2.5
216,Gray,10 October 2015 (USA),USA,[],2.5
217,Charlie Charlie,21 October 2016 (USA),USA,[],2.5
218,The Doll,8 December 2017 (USA),USA,"['Fantasy', 'Horror']",2.5
219,Krampus Unleashed,1 November 2016 (USA),USA,[],2.5
220,Alp,25 October 2016 (USA),USA,[],2.5
221,Demon Mind,31 January 2017 (Russia),Russia,[],2.5
222,Anna,1 March 2017 (USA),USA,[],2.5
223,Reipu zonbi gaiden: Hâdokoa obu za deddo,13 August 2017 (Japan),Japan,[],2.5
224,Not Alone,5 October 2015 (UK),UK,[],2.6
225,The Brides of Sodom,29 January 2013 (USA),USA,"['Fantasy', 'Horror']",2.6
226,The Cloth,2 July 2013 (USA),USA,"['Action', 'Fantasy']",2.6
227,Muck,17 February 2016 (Philippines),USA,[],2.6
228,Fractured,17 April 2015 (USA),USA,"['Drama', 'Horror']",2.6
229,Hansel & Gretel: Warriors of Witchcraft,22 January 2013 (USA),USA,"['Action', 'Adventure']",2.6
230,Slink,14 June 2013 (USA),USA,['Horror'],2.6
231,The Merchant,3 March 2013 (USA),UK,"['Drama', 'Horror']",2.6
232,Quarantine L.A.,17 March 2016 (South Korea),USA,['Horror'],2.6
233,Silverhide,6 April 2015 (UK),UK,"['Horror', 'Mystery']",2.6
234,The Wake,4 July 2017 (USA),USA,[],2.6
235,Ballet of Blood,1 March 2016 (USA),USA,[],2.6
236,Mega Shark vs. Mecha Shark,28 January 2014 (USA),USA,"['Action', 'Adventure']",2.6
237,Fields of the Dead,10 September 2014 (Philippines),USA,[],2.6
238,Optica,1 November 2013 (USA),USA,[],2.6
239,The Exorcism of Anna Ecklund,7 March 2016 (UK),UK,[],2.6
240,The Night Seekers,30 October 2014 (USA),USA,[],2.6
241,Jogo do Copo,July 2014 (Brazil),Brazil,"['Fantasy', 'Horror']",2.6
242,Playing with Dolls,6 March 2015 (Germany),USA,[],2.6
243,Gu dao jing hun 2,26 January 2013 (China),China,"['Drama', 'Fantasy']",2.6
244,Violent Shit: The Movie,17 July 2015 (South Korea),Italy,[],2.6
245,The Last Hope,24 November 2017 (Australia),Australia,[],2.6
246,Asian Ghost Story,31 October 2016 (USA),Canada,['Action'],2.6
247,Girls,28 October 2016 (India),India,['Horror'],2.6
248,Sinsiran: Yasak ask,26 May 2017 (Turkey),Turkey,"['Drama', 'Horror']",2.6
249,12:06 Rumah Kucing,10 August 2017 (Indonesia),Indonesia,[],2.6
250,Mythily Veendum Varunnu,21 July 2017 (India),India,[],2.6
251,Asylum,4 April 2014 (Japan),USA,['Comedy'],2.7
252,Alienate,5 May 2017 (USA),USA,"['Drama', 'Horror']",2.7
253,The Hospital,15 February 2013 (USA),USA,[],2.7
254,Midway - Tra la vita e la morte,11 April 2013 (Italy),Italy,['Horror'],2.7
255,Final Footage,2 January 2013 (USA),USA,[],2.7
256,Ridge War Z,5 November 2013 (USA),USA,"['Horror', 'Thriller']",2.7
257,Camp Blood First Slaughter,20 May 2014 (USA),USA,['Horror'],2.7
258,Los resucitados,7 October 2017 (Spain),Spain,['Fantasy'],2.7
259,Doll Killer,2013 (USA),USA,[],2.7
260,Breakdown Lane,5 January 2017 (USA),Canada,['Drama'],2.7
261,Hazard Jack,13 May 2014 (USA),USA,[],2.7
262,Siren Song,15 January 2016 (USA),UK,['Horror'],2.7
263,Sleeping Beauty,16 July 2014 (South Korea),USA,"['Adventure', 'Fantasy']",2.7
264,Don't Fuck in the Woods,25 October 2016 (USA),USA,[],2.7
265,On the Brain,12 July 2016 (USA),USA,"['Crime', 'Horror']",2.7
266,The Final Project,4 March 2016 (USA),USA,['Horror'],2.7
267,Trip to Bhangarh: Asia's Most Haunted Place,28 August 2014 (India),India,['Horror'],2.7
268,2 Jennifer,3 June 2016 (USA),USA,[],2.7
269,Alkarisi: Cinnet,26 June 2015 (Turkey),Turkey,['Horror'],2.7
270,Canvas of Death,1 February 2016 (USA),USA,['Horror'],2.7
271,Insane,Horror,USA,[],2.7
272,Evil Exhumed,1 June 2016 (USA),Canada,[],2.7
273,Bloody Diarhea,15 April 2015 (Russia),Russia,[],2.7
274,Realms Hunt for the Shadow Man,20 January 2016 (USA),USA,"['Action', 'Horror']",2.7
275,Sowkarpettai,4 March 2016 (India),India,['Horror'],2.7
276,We All Fall Down,12 August 2016 (USA),USA,"['Adventure', 'Drama']",2.7
277,The Domicile,8 August 2017 (USA),USA,[],2.7
278,Ghost Villa,3 June 2016 (India),India,[],2.7
279,The Doll Master,6 March 2018 (Brazil),UK,[],2.7
280,Black Creek,2017 (USA),USA,[],2.7
281,The Cryptic Tale of Beta Alpha Nu,31 October 2016 (USA),USA,[],2.7
282,Hellriser,9 October 2017 (UK),UK,[],2.7
283,Demon,November 2017 (USA),USA,[],2.7
284,Invoking 4,2017 (USA),USA,[],2.7
285,Election Night,13 October 2017 (USA),USA,['Horror'],2.7
286,Alligator X,16 April 2014 (Belgium),USA,"['Action', 'Adventure']",2.8
287,Exorcism,18 October 2014 (UK),UK,[],2.8
288,American Mummy,4 July 2014 (Australia),USA,[],2.8
289,The Human Centipede III (Final Sequence),18 June 2015 (Taiwan),USA,['Comedy'],2.8
290,"The Darkness, Rage and the Fury",February 2014 (USA),USA,"['Horror', 'Sci-Fi']",2.8
291,The Eugenist,2013 (USA),USA,['Horror'],2.8
292,Eaters,6 October 2015 (USA),USA,[],2.8
293,Perfidia,2 October 2014 (Mexico),Chile,"['Drama', 'Fantasy']",2.8
294,The Amityville Asylum,3 June 2013 (UK),UK,[],2.8
295,Zombie Resurrection,23 March 2015 (UK),UK,[],2.8
296,The Quarantine Hauntings,26 January 2015 (Australia),Australia,['Horror'],2.8
297,Army of Frankensteins,10 November 2013 (USA),USA,"['Adventure', 'Horror']",2.8
298,616: Paranormal Incident,12 February 2013 (USA),USA,[],2.8
299,Mumbai 125 KM 3D,17 October 2014 (India),India,"['Drama', 'Horror']",2.8
300,The Warp,2014 (USA),USA,['Horror'],2.8
301,Knight of the Dead,30 October 2014 (Kuwait),USA,"['Action', 'Fantasy']",2.8
302,Fire Worms,1 March 2016 (USA),USA,[],2.8
303,Cowboy Zombies,22 August 2016 (USA),USA,[],2.8
304,Zombie Killers: Elephant's Graveyard,11 February 2016 (Germany),USA,[],2.8
305,The Possession of Sophie Love,17 September 2013 (USA),UK,[],2.8
306,The Snow Queen,19 November 2013 (Germany),USA,"['Action', 'Adventure']",2.8
307,House of VHS,23 January 2016 (UK),France,"['Fantasy', 'Horror']",2.8
308,Another,6 June 2016 (USA),USA,"['Fantasy', 'Horror']",2.8
309,Milfs vs. Zombies,24 July 2015 (USA),USA,['Comedy'],2.8
310,Angel of Reckoning,20 September 2016 (USA),USA,"['Action', 'Horror']",2.8
311,Dracula's Angel,10 October 2014 (USA),USA,"['Animation', 'Horror']",2.8
312,The Hunting,30 October 2014 (UK),UK,[],2.8
313,But Deliver Us from Evil,27 April 2017 (USA),USA,['Horror'],2.8
314,Ümmü Sibyan: Zifir,21 November 2014 (Turkey),Turkey,[],2.8
315,Ebola Zombies,23 March 2015 (USA),Hong Kong,[],2.8
316,Hunger Z,27 September 2014 (Japan),Japan,['Comedy'],2.8
317,Helsing University,31 October 2015 (USA),USA,[],2.8
318,Mega Shark vs. Kolossus,16 July 2015 (Germany),USA,"['Action', 'Adventure']",2.8
319,Witchcraft 15: Blood Rose,January 2017 (USA),USA,[],2.8
320,Seytan-i Racim 2: Ifrit,5 June 2015 (Turkey),Turkey,['Horror'],2.8
321,Solus,Thriller,USA,[],2.8
322,Jack Logan,30 April 2016 (USA),USA,[],2.8
323,Azazil 2: Büyü,25 March 2016 (Turkey),Turkey,['Horror'],2.8
324,Chudail Story,13 May 2016 (India),India,[],2.8
325,Devil Dog,10 September 2016 (UK),UK,[],2.8
326,Volkswagen Kuning,22 September 2016 (Malaysia),Malaysia,[],2.8
327,House of Evil,2017 (Italy),Italy,[],2.8
328,The Elf,7 November 2017 (USA),USA,[],2.8
329,Grey Zone,Horror,Canada,[],2.8
330,The First Date,26 September 2017 (USA),USA,['Comedy'],2.8
331,The Unseen,October 2017 (USA),,[],2.8
332,Infected,3 October 2014 (Canada),USA,"['Action', 'Horror']",2.9
333,Dead of the Nite,4 April 2013 (UK),UK,[],2.9
334,Toxin,30 January 2015 (USA),USA,"['Drama', 'Horror']",2.9
335,Jonah Lives,18 September 2015 (USA),USA,"['Drama', 'Horror']",2.9
336,Lake Noir,24 March 2015 (USA),USA,['Drama'],2.9
337,Delirium,26 March 2016 (Philippines),USA,[],2.9
338,Fat Planet,24 December 2013 (USA),USA,['Comedy'],2.9
339,Christmas Slay,11 November 2015 (USA),UK,[],2.9
340,Animus,26 March 2013 (USA),USA,['Horror'],2.9
341,Sader Ridge,27 November 2014 (Peru),USA,['Horror'],2.9
342,Lost Time,19 September 2014 (USA),USA,"['Horror', 'Sci-Fi']",2.9
343,The Bible Belt Slasher Pt. II: The Holy Terror!,13 April 2013 (USA),USA,[],2.9
344,Jersey Shore Massacre,22 August 2014 (USA),USA,['Comedy'],2.9
345,Das Werwolfspiel,7 May 2013 (Austria),Austria,"['Horror', 'Mystery']",2.9
346,Blood Widow,30 July 2014 (Philippines),USA,[],2.9
347,Dark Satanic Magick,1 January 2014 (USA),USA,[],2.9
348,Getting Schooled,7 February 2017 (USA),USA,['Comedy'],2.9
349,Black Eyed Children: Let Me In,1 January 2015 (USA),USA,[],2.9
350,Psychos,17 March 2017 (USA),USA,"['Crime', 'Drama']",2.9
351,The Orange Man,2015 (USA),,['Comedy'],2.9
352,Anger of the Dead,8 January 2016 (USA),Italy,['Drama'],2.9
353,Hansel vs. Gretel,31 March 2016 (Germany),USA,[],2.9
354,The Unbidden,22 April 2016 (USA),USA,"['Horror', 'Mystery']",2.9
355,Wolf House,2016 (USA),USA,[],2.9
356,Zombies,14 November 2017 (USA),USA,['Action'],2.9
357,The Legend of Wasco,15 December 2015 (USA),USA,[],2.9
358,Devil Dog Shuck Returns,28 March 2016 (UK),UK,[],2.9
359,Banglo Berkunci,26 November 2015 (Malaysia),Malaysia,['Horror'],2.9
360,Anomaly,Sci-Fi,USA,['Horror'],2.9
361,Cementerio General 2,8 October 2016 (Peru),Peru,[],2.9
362,Zuzula,16 December 2016 (Turkey),Turkey,[],2.9
363,Werewolves of the Third Reich,5 December 2017 (USA),UK,[],2.9
364,Land Shark,27 June 2017 (USA),USA,"['Action', 'Adventure']",2.9
365,Proklyataya,6 December 2016 (USA),Russia,"['Drama', 'Horror']",2.9
366,Jake Stagg,22 September 2017 (UK),UK,[],2.9
367,It Kills,11 November 2017 (USA),USA,"['Action', 'Horror']",2.9
368,Night Howl,12 December 2017 (USA),USA,[],2.9
369,Haunted Routes: Evil East Coast Highway,4 February 2017 (USA),USA,[],2.9
370,Sludge,19 September 2017 (USA),USA,[],3.0
371,Blooming Flowers,13 July 2013 (USA),USA,"['Action', 'Adventure']",3.0
372,Cin geçidi,1 January 2017 (Turkey),Turkey,[],3.0
373,Mara,13 January 2014 (UK),Sweden,"['Horror', 'Mystery']",3.0
374,Blood Redd,10 March 2017 (Germany),USA,[],3.0
375,Hangman's Game,16 May 2016 (Colombia),Colombia,"['Horror', 'Mystery']",3.0
376,Sorrow,21 April 2015 (USA),USA,"['Crime', 'Drama']",3.0
377,Demon,1 September 2013 (USA),USA,[],3.0
378,Riddle Room,16 February 2016 (USA),USA,[],3.0
379,Bad Building,6 August 2015 (USA),Canada,[],3.0
380,The Appearing,25 March 2014 (USA),USA,"['Horror', 'Mystery']",3.0
381,Brutal,5 January 2014 (USA),USA,"['Action', 'Drama']",3.0
382,The Devil Knows His Own,25 May 2013 (USA),USA,[],3.0
383,Blood Shed,4 March 2014 (USA),USA,[],3.0
384,Something Sinister,1 November 2018 (USA),USA,[],3.0
385,Reality Terror Night,10 September 2013 (USA),USA,[],3.0
386,Hayride 2,18 March 2016 (Germany),USA,"['Action', 'Horror']",3.0
387,Wandering Rose,2 June 2015 (USA),UK,['Horror'],3.0
388,Dv2,30 January 2013 (USA),,[],3.0
389,Animus: The Tell-Tale Heart,31 October 2015 (USA),USA,['Horror'],3.0
390,Why US?,2014 (USA),USA,[],3.0
391,#Horror,20 November 2015 (USA),USA,"['Drama', 'Horror']",3.0
392,Friends Don't Let Friends,28 November 2017 (USA),USA,['Horror'],3.0
393,The Purgation,2 April 2015 (USA),USA,"['Drama', 'Horror']",3.0
394,Bunnyman Vengeance,30 October 2017 (UK),USA,[],3.0
395,Ludo,17 July 2015 (Canada),India,"['Fantasy', 'Horror']",3.0
396,The Damned Thing,5 December 2014 (USA),USA,['Horror'],3.0
397,Proof of the Devil,23 November 2017 (Peru),USA,[],3.0
398,Flesh Eating Bastards,5 October 2013 (USA),USA,[],3.0
399,Sisters of the Plague,2016 (USA),USA,"['Drama', 'Horror']",3.0
400,Demon Dolls,21 July 2015 (USA),USA,[],3.0
401,Elder Island,2016 (USA),USA,['Horror'],3.0
402,KillerSaurus,6 July 2015 (UK),UK,"['Action', 'Horror']",3.0
403,Isolation 119,1 July 2015 (USA),Laos,['Horror'],3.0
404,The Citadel,14 August 2015 (USA),USA,[],3.0
405,Z/Rex: The Jurassic Dead,24 February 2018 (Japan),USA,"['Action', 'Comedy']",3.0
406,Amityville: No Escape,5 August 2016 (USA),USA,[],3.0
407,The Night Shift,Horror,USA,[],3.0
408,Dogged,2017 (UK),UK,[],3.0
409,American Exorcism,2 May 2017 (USA),USA,[],3.0
410,The Ghost Knows,1 December 2017 (USA),Canada,[],3.0
411,Abduction,28 June 2017 (UK),UK,"['Action', 'Comedy']",3.0
412,Tales for the Campfire,19 August 2016 (USA),USA,[],3.0
413,Dark Shade Creek 3: Trail to Hell,1 September 2017 (USA),USA,[],3.0
414,Raptor Ranch,31 October 2013 (USA),Russia,"['Action', 'Adventure']",3.1
415,Torture Chamber,5 February 2015 (Netherlands),USA,[],3.1
416,Coffin Baby,2 April 2013 (Netherlands),USA,[],3.1
417,The Summoning,13 October 2014 (USA),USA,[],3.1
418,Killer Holiday,5 November 2013 (USA),USA,['Horror'],3.1
419,Milwood,October 2013 (USA),USA,"['Drama', 'Horror']",3.1
420,Snake Club: Revenge of the Snake Woman,31 May 2013 (Germany),USA,"['Action', 'Fantasy']",3.1
421,Provoked,22 July 2016 (Philippines),USA,[],3.1
422,"Satan, Hold My Hand",30 August 2013 (USA),USA,['Comedy'],3.1
423,Le berceau des ombres,6 July 2015 (UK),France,['Horror'],3.1
424,The Other Side,25 October 2014 (USA),USA,"['Drama', 'Horror']",3.1
425,Necrophile Passion,18 August 2013 (Germany),Austria,[],3.1
426,Ninja Apocalypse,5 August 2014 (USA),USA,"['Action', 'Fantasy']",3.1
427,Beyond the Dark,31 October 2014 (USA),USA,"['Horror', 'Sci-Fi']",3.1
428,Moirai: The Drifter,30 March 2015 (USA),USA,[],3.1
429,Zombie Dollz,19 March 2015 (USA),USA,['Comedy'],3.1
430,Strange Blood,30 January 2015 (Turkey),USA,['Horror'],3.1
431,Impurity,1 January 2015 (UK),UK,[],3.1
432,La Cara del Diablo,17 April 2014 (Peru),Peru,[],3.1
433,The Dead the Damned and the Darkness,7 October 2014 (USA),USA,"['Action', 'Horror']",3.1
434,Halloween Hell,Horror,USA,[],3.1
435,Clowntergeist,12 September 2017 (USA),USA,"['Crime', 'Horror']",3.1
436,Infernal,10 April 2015 (USA),USA,"['Drama', 'Horror']",3.1
437,They Exist,Horror,USA,[],3.1
438,Hulk Blood Tapes,23 June 2015 (USA),USA,[],3.1
439,You Will Kill,2015 (Egypt),USA,[],3.1
440,NH-8: Road to Nidhivan,17 April 2015 (India),India,[],3.1
441,Seekers,18 March 2016 (Germany),Germany,[],3.1
442,Deccal,24 July 2015 (Turkey),Turkey,[],3.1
443,Strip Club Massacre,2 May 2017 (USA),USA,['Horror'],3.1
444,The Basement,28 April 2017 (Hungary),Hungary,[],3.1
445,Surviving the Outbreak,2017 (USA),USA,['Horror'],3.1
446,Ravenswood,11 March 2017 (USA),Australia,['Horror'],3.1
447,The Amityville Terror,April 2016 (USA),USA,[],3.1
448,Bloody Snow,25 August 2016 (USA),USA,[],3.1
449,Exscind,2016 (USA),USA,[],3.1
450,Amityville: Vanishing Point,1 April 2016 (USA),USA,[],3.1
451,West Skerra Light,October 2016 (UK),UK,['Comedy'],3.1
452,Swamp Freak,26 April 2017 (USA),Canada,[],3.1
453,Kud Krachak Krien,6 April 2017 (Thailand),Thailand,[],3.1
454,Synthetic Void,7 August 2017 (UK),UK,[],3.1
455,Halloween Tales,28 July 2017 (USA),USA,[],3.1
456,Night Stalkers: Paranormal Investigators,12 September 2017 (USA),USA,[],3.1
457,Things 4,24 November 2017 (USA),USA,['Horror'],3.1
458,Halloween Pussy Trap Kill Kill,27 October 2017 (USA),USA,"['Crime', 'Horror']",3.1
459,The Offerings,27 November 2015 (USA),USA,[],3.1
460,Creature in the Woods,2017 (USA),USA,[],3.1
461,Of Silence,14 January 2014 (USA),USA,"['Drama', 'Horror']",3.2
462,Awake in the Woods,19 May 2015 (USA),USA,['Horror'],3.2
463,The Ganzfeld Haunting,7 February 2014 (USA),USA,['Horror'],3.2
464,House of Bad,18 May 2013 (USA),USA,['Horror'],3.2
465,The Profane Exhibit,22 March 2013 (USA),Canada,[],3.2
466,Synevir,11 January 2013 (USA),Ukraine,[],3.2
467,Huff,5 April 2013 (USA),USA,['Horror'],3.2
468,Live-In Fear,10 February 2016 (USA),USA,[],3.2
469,Paranormal Island,10 December 2014 (Philippines),USA,[],3.2
470,Towers of Terror,18 October 2013 (USA),USA,['Comedy'],3.2
471,Kick,9 January 2015 (USA),UK,"['Drama', 'Horror']",3.2
472,Let There Be Zombies,3 March 2015 (USA),USA,"['Adventure', 'Comedy']",3.2
473,Bath Salt Zombies,19 February 2013 (USA),USA,[],3.2
474,A Demon in My View,11 July 2013 (USA),USA,['Horror'],3.2
475,Wu ye huo che,8 March 2013 (China),China,[],3.2
476,Xibalba,2 May 2017 (Japan),Mexico,"['Action', 'Horror']",3.2
477,Paranormal Highway,19 December 2017 (USA),USA,[],3.2
478,Cowboys vs. Zombies,2014 (USA),USA,['Action'],3.2
479,The Devil's Woods,24 October 2015 (Ireland),Ireland,[],3.2
480,2057: Return to Zombie Island,13 May 2013 (USA),USA,[],3.2
481,Extinction,12 November 2015 (Peru),UK,"['Action', 'Adventure']",3.2
482,Poltergeist Activity,26 June 2015 (UK),UK,[],3.2
483,Apocalypse,5 December 2017 (USA),UK,[],3.2
484,Dorchester's Revenge: The Return of Crinoline Head,2 August 2014 (USA),USA,[],3.2
485,Tape_13,11 February 2014 (Germany),Germany,['Horror'],3.2
486,The Device,27 September 2014 (USA),USA,"['Horror', 'Sci-Fi']",3.2
487,Creature,12 September 2014 (India),India,"['Action', 'Horror']",3.2
488,Mostly Dead,1 July 2014 (USA),USA,[],3.2
489,Appetites,4 August 2015 (USA),USA,['Horror'],3.2
490,Dark Beacon,13 October 2017 (USA),UK,['Horror'],3.2
491,The Blood Harvest,25 January 2016 (UK),UK,[],3.2
492,Awaken the Devil,19 May 2015 (USA),USA,[],3.2
493,Robert,24 August 2015 (UK),UK,[],3.2
494,Sorority Slaughterhouse,31 October 2016 (USA),USA,[],3.2
495,The Man in the Shadows,31 October 2017 (USA),Canada,"['Drama', 'Horror']",3.2
496,Dead 7,1 April 2016 (USA),USA,"['Comedy', 'Horror']",3.2
497,Midnight Macabre,2 May 2017 (USA),USA,[],3.2
498,Fluid Boy,8 March 2016 (USA),UK,[],3.2
499,Immune,23 April 2016 (UK),UK,[],3.2
500,Witchcraft 14: Angel of Death,January 2017 (USA),USA,[],3.2
501,Dead Rush,31 March 2016 (Canada),USA,['Comedy'],3.2
502,The Blind King,14 October 2016 (Italy),Italy,[],3.2
503,Paranoia Tapes,11 July 2017 (USA),USA,[],3.2
504,Mel-Un,12 February 2016 (Turkey),Turkey,[],3.2
505,Pist,29 May 2015 (Turkey),Turkey,['Comedy'],3.2
506,The Covenant,7 February 2017 (USA),USA,[],3.2
507,The Howling,9 October 2017 (UK),UK,[],3.2
508,Ghosthunters,5 July 2016 (USA),USA,[],3.2
509,Sacrilege,2 May 2017 (USA),USA,[],3.2
510,Mountain Devil,17 January 2017 (USA),USA,[],3.2
511,Claw,25 May 2017 (USA),USA,[],3.2
512,Ezan,1 May 2015 (Turkey),Turkey,['Horror'],3.2
513,The Plan,Horror,Italy,[],3.2
514,Keluarga Tak Kasat Mata,23 November 2017 (Indonesia),Indonesia,[],3.2
515,Devil 2.0,November 2017 (Canada),Canada,['Fantasy'],3.2
516,Cinayet-i Ask,28 July 2017 (Turkey),Turkey,"['Fantasy', 'Horror']",3.2
517,Clownface,28 December 2017 (USA),USA,"['Action', 'Comedy']",3.2
518,See How They Run,19 May 2014 (UK),USA,[],3.3
519,Dark Feed,18 March 2013 (USA),USA,[],3.3
520,She Wolf Rising,January 2016 (USA),USA,[],3.3
521,Ghost Shark 2: Urban Jaws,27 June 2015 (New Zealand),New Zealand,"['Drama', 'Fantasy']",3.3
522,Cross Bearer,9 October 2013 (USA),USA,[],3.3
523,Stitch,12 December 2013 (Netherlands),USA,[],3.3
524,sxtape,16 May 2014 (USA),USA,[],3.3
525,Gingerclown,9 May 2013 (Hungary),Hungary,['Comedy'],3.3
526,Phobia,1 September 2013 (USA),USA,['Horror'],3.3
527,Chill: The Killing Games,22 September 2015 (USA),USA,"['Horror', 'Mystery']",3.3
528,Self Storage,17 September 2013 (USA),USA,[],3.3
529,limp.,October 2013 (Ireland),Ireland,['Horror'],3.3
530,Rabid Love,19 April 2013 (USA),USA,['Horror'],3.3
531,Leprechaun: Origins,22 August 2014 (USA),USA,['Fantasy'],3.3
532,Wasteland,30 October 2015 (Hong Kong),UK,['Drama'],3.3
533,The Ouija Experiment,2 May 2014 (USA),USA,[],3.3
534,Prayers in the Dark,25 February 2015 (Philippines),USA,[],3.3
535,Granny of the Dead,28 August 2017 (UK),UK,['Comedy'],3.3
536,Dignity,10 August 2013 (Switzerland),USA,"['Fantasy', 'Horror']",3.3
537,Video Tape Terror,22 January 2013 (USA),USA,[],3.3
538,Black Water Creek,22 July 2014 (USA),USA,"['Crime', 'Horror']",3.3
539,Victoria's Exorcism,31 August 2014 (USA),USA,['Comedy'],3.3
540,Let Me Out,7 March 2015 (USA),USA,['Horror'],3.3
541,Hunters,24 June 2016 (USA),USA,[],3.3
542,Intruder,24 June 2016 (USA),USA,"['Horror', 'Mystery']",3.3
543,Field Freak,4 May 2016 (Germany),USA,"['Comedy', 'Horror']",3.3
544,Fireangels: A Drifter's Fury,23 June 2017 (USA),USA,['Horror'],3.3
545,Quadrant 9EV9,1 March 2016 (USA),USA,"['Action', 'Horror']",3.3
546,The Attachment,3 June 2016 (USA),UK,['Drama'],3.3
547,Ibiza Undead,20 March 2017 (UK),UK,['Comedy'],3.3
548,The Redwood Massacre,28 September 2014 (USA),UK,['Fantasy'],3.3
549,A Haunting in Cawdor,11 March 2016 (USA),USA,['Horror'],3.3
550,Nightmare 2 - painajainen jatkuu,3 December 2014 (Finland),Finland,[],3.3
551,Potent Media's Sugar Skull Girls,1 October 2016 (USA),USA,['Comedy'],3.3
552,What's Eating Todd?,27 July 2016 (USA),USA,['Horror'],3.3
553,Revenge of the Lost,21 June 2017 (UK),USA,"['Drama', 'Horror']",3.3
554,Vampyres,29 May 2015 (Spain),Spain,[],3.3
555,Muska,25 July 2014 (Turkey),Turkey,"['Drama', 'Horror']",3.3
556,Beach Massacre at Kill Devil Hills,12 September 2017 (USA),USA,[],3.3
557,The Mothman Curse,30 April 2015 (USA),UK,[],3.3
558,Survival Instinct,13 June 2016 (UK),UK,"['Action', 'Horror']",3.3
559,Asmodeus,6 October 2015 (USA),USA,[],3.3
560,Ayla,21 September 2017 (Sweden),USA,"['Drama', 'Fantasy']",3.3
561,We Are Monsters,May 2015 (Spain),Sweden,"['Drama', 'Horror']",3.3
562,Shi ren chong,10 October 2014 (China),China,['Comedy'],3.3
563,Darkness Rising,30 June 2017 (USA),USA,[],3.3
564,Don't Sleep,29 September 2017 (USA),USA,['Horror'],3.3
565,Tragic Theater,8 January 2015 (Philippines),Philippines,[],3.3
566,Navy Seals vs. Zombies,8 October 2015 (USA),USA,['Action'],3.3
567,The Sacrifice,31 October 2015 (USA),USA,[],3.3
568,3:33 a.m.,22 June 2015 (USA),USA,['Comedy'],3.3
569,The Last House,2015 (USA),USA,[],3.3
570,Mihrez: Cin Padisahi,17 April 2015 (Turkey),Turkey,['Horror'],3.3
571,Factory of Paranormal,13 July 2017 (USA),USA,[],3.3
572,Teenage Slumber Party Nightmare,12 July 2015 (USA),Canada,"['Comedy', 'Horror']",3.3
573,Den of Darkness,20 February 2016 (USA),USA,['Horror'],3.3
574,The Raking,7 March 2017 (USA),USA,[],3.3
575,Peigal Jaakkirathai,1 January 2016 (India),India,"['Comedy', 'Horror']",3.3
576,Shock,31 October 2016 (USA),USA,[],3.3
577,Zoombies,1 March 2016 (USA),USA,"['Action', 'Adventure']",3.3
578,Azem: Cin Karasi,30 May 2014 (Turkey),Turkey,[],3.3
579,Cabin 28,1 August 2017 (USA),UK,[],3.3
580,Ceberrut,4 March 2016 (Turkey),Turkey,[],3.3
581,Day of Reckoning,8 October 2016 (USA),USA,"['Action', 'Horror']",3.3
582,The 13th Friday,10 January 2017 (USA),USA,['Horror'],3.3
583,SantaClaus: A Horror Story,22 November 2016 (USA),USA,[],3.3
584,Catalina,December 2016 (USA),USA,[],3.3
585,Meathook Massacre II,1 February 2017 (USA),USA,[],3.3
586,Poltergeist Encounters,8 October 2016 (Canada),Canada,[],3.3
587,Camp Blood 666,Horror,USA,[],3.3
588,Asylum of Darkness,10 April 2017 (USA),USA,[],3.3
589,Killer Christmas,22 November 2017 (USA),USA,[],3.3
590,Ghostfinders,5 May 2015 (USA),USA,[],3.3
591,Death on Scenic Drive,30 September 2017 (Germany),Canada,[],3.3
592,Karpenter,18 November 2017 (USA),USA,[],3.3
593,Blood Shot,29 October 2013 (Canada),USA,"['Action', 'Comedy']",3.4
594,Vacant House,2016 (USA),USA,"['Drama', 'Horror']",3.4
595,Spiders 3D,21 February 2013 (Malaysia),USA,"['Horror', 'Sci-Fi']",3.4
596,Dead Sea,4 November 2017 (Canada),USA,"['Action', 'Adventure']",3.4
597,Alone,25 November 2014 (USA),USA,"['Horror', 'Mystery']",3.4
598,Desecrated,6 January 2015 (USA),USA,['Horror'],3.4
599,Stag Hunt,16 May 2015 (USA),UK,"['Adventure', 'Comedy']",3.4
600,Zombie Dream,October 2015 (USA),USA,[],3.4
601,Hallows' Eve,14 October 2014 (Canada),USA,[],3.4
602,Alpha Girls,1 September 2013 (USA),USA,"['Action', 'Horror']",3.4
603,Gitaskog,Horror,Canada,['Action'],3.4
604,Love of my Life,10 November 2013 (USA),Australia,['Horror'],3.4
605,Zombie Women of Satan 2,11 April 2017 (USA),UK,['Comedy'],3.4
606,Night Aboard the Salem,31 October 2014 (USA),USA,[],3.4
607,Devil's Tower,16 September 2014 (UK),UK,[],3.4
608,Axeman at Cutter's Creek,14 February 2013 (USA),USA,[],3.4
609,Dark Vision,28 January 2015 (USA),UK,"['Horror', 'Mystery']",3.4
610,Ditch,2016 (USA),USA,['Horror'],3.4
611,After School Massacre,10 January 2014 (USA),USA,['Comedy'],3.4
612,Girl in Woods,3 June 2016 (USA),USA,"['Drama', 'Horror']",3.4
613,Dead Sands,20 November 2013 (Bahrain),Bahrain,['Comedy'],3.4
614,Copiii: The 1st Entry,18 June 2014 (Philippines),USA,"['Drama', 'Fantasy']",3.4
615,A Warning to the Curious,28 February 2013 (UK),Netherlands,[],3.4
616,Isabel,9 May 2013 (Czech Republic),Czech Republic,"['Drama', 'Fantasy']",3.4
617,Following the Wicca Man,29 November 2013 (UK),UK,"['Horror', 'Mystery']",3.4
618,Cute Little Buggers,10 February 2017 (UK),UK,['Comedy'],3.4
619,Death Factory,2014 (USA),USA,"['Fantasy', 'Horror']",3.4
620,Run Like Hell,9 September 2014 (USA),USA,"['Action', 'Horror']",3.4
621,13/13/13,1 October 2013 (USA),USA,[],3.4
622,Ingloda: The Possession Within,25 August 2013 (USA),USA,"['Drama', 'Horror']",3.4
623,Survival,13 April 2013 (Germany),Germany,['Action'],3.4
624,The Bride,1 September 2013 (USA),USA,['Horror'],3.4
625,Velvet Vengeance,19 October 2013 (USA),USA,[],3.4
626,A Perfect Vacation,7 July 2015 (USA),USA,"['Action', 'Horror']",3.4
627,Prom Ride,24 April 2015 (USA),USA,['Horror'],3.4
628,Piranha Sharks,8 August 2018 (USA),USA,"['Action', 'Comedy']",3.4
629,The Demolisher,27 July 2015 (Canada),Canada,"['Action', 'Horror']",3.4
630,The Thin Man,5 June 2015 (Australia),Australia,"['Drama', 'Horror']",3.4
631,Flay,2017 (USA),USA,"['Drama', 'Fantasy']",3.4
632,Downhill,14 January 2017 (Japan),Chile,"['Action', 'Horror']",3.4
633,World War Dead: Rise of the Fallen,4 May 2015 (UK),UK,[],3.4
634,OMG... We're in a Horror Movie,9 December 2016 (Germany),USA,['Comedy'],3.4
635,The Encounter,2 June 2015 (USA),USA,['Horror'],3.4
636,Invoked,17 August 2015 (Ireland),Ireland,"['Horror', 'Mystery']",3.4
637,A Haunting at the Rectory,8 June 2015 (UK),UK,[],3.4
638,Gulyabani,28 February 2014 (Turkey),Turkey,['Comedy'],3.4
639,The Rizen,19 June 2017 (UK),UK,"['Action', 'Horror']",3.4
640,Alarmed,2014 (USA),USA,['Horror'],3.4
641,Other Halves,2016 (USA),USA,"['Comedy', 'Horror']",3.4
642,"Silent Night, Bloody Night 2: Revival",15 March 2015 (USA),USA,[],3.4
643,Belly of the Bulldog,6 October 2016 (Kuwait),UK,"['Action', 'Horror']",3.4
644,The Rift: Dark Side of the Moon,28 April 2016 (Serbia),Serbia,"['Horror', 'Sci-Fi']",3.4
645,Camera Phone 2,8 April 2016 (USA),USA,[],3.4
646,Witchcraft 16: Hollywood Coven,January 2017 (USA),USA,[],3.4
647,All Above Board,31 August 2015 (UK),UK,[],3.4
648,Brutal Colors,23 June 2015 (USA),USA,"['Drama', 'Horror']",3.4
649,Jalan Puncak Alam,7 May 2015 (Malaysia),Malaysia,[],3.4
650,After the Outbreak,2017 (USA),USA,['Horror'],3.4
651,Üç Harfliler 2: Hablis,14 August 2015 (Turkey),Turkey,[],3.4
652,Zhang zhen jiang gu shi zhi gui mi xin qiao,2 July 2015 (China),China,[],3.4
653,No Good Heroes,24 July 2018 (USA),USA,"['Comedy', 'Drama']",3.4
654,"Scaler, Dark Spirit",18 June 2016 (USA),USA,['Horror'],3.4
655,Hiker,30 October 2015 (USA),USA,[],3.4
656,Vesvese: Cin Tuzagi,2 October 2015 (Turkey),Turkey,['Horror'],3.4
657,Gassal,18 December 2015 (Turkey),Turkey,['Horror'],3.4
658,Dokumushi,9 April 2016 (Japan),Japan,[],3.4
659,Amethyst,9 December 2016 (USA),USA,"['Adventure', 'Fantasy']",3.4
660,The Black Room,11 August 2017 (Spain),USA,['Comedy'],3.4
661,Evil in Her,10 March 2017 (USA),USA,[],3.4
662,Tall Men,31 May 2016 (USA),USA,"['Fantasy', 'Horror']",3.4
663,Red Sonja: Queen of Plagues,2 August 2016 (USA),USA,"['Animation', 'Action']",3.4
664,Devil's Domain,2016 (USA),USA,[],3.4
665,Irrational Fear,2017 (USA),USA,[],3.4
666,Once Upon a Time at Christmas,12 December 2017 (USA),UK,[],3.4
667,Demons,6 October 2017 (USA),USA,[],3.4
668,Strange Rituals,20 March 2017 (USA),USA,[],3.4
669,The Grave Caller,10 October 2018 (USA),USA,[],3.4
670,Lost Aloud,18 September 2017 (UK),UK,[],3.4
671,Charlotte,2017 (USA),USA,[],3.4
672,Exit to Hell,5 November 2013 (USA),USA,"['Action', 'Horror']",3.5
673,5 Souls,6 August 2013 (USA),USA,['Horror'],3.5
674,The Forbidden Girl,7 February 2013 (Germany),Germany,"['Fantasy', 'Horror']",3.5
675,Devotion,December 2013 (USA),USA,['Drama'],3.5
676,No Tell Motel,9 October 2016 (USA),USA,[],3.5
677,666 the Devil's Child,25 July 2014 (USA),USA,[],3.5
678,The Culling,15 March 2015 (Kuwait),USA,['Horror'],3.5
679,The Zombie King,31 May 2013 (Japan),UK,['Comedy'],3.5
680,Hostage,3 September 2013 (USA),USA,"['Drama', 'Horror']",3.5
681,Somebodys There,23 April 2015 (Ireland),Ireland,['Horror'],3.5
682,Finders Keepers: The Root of All Evil,4 April 2013 (USA),USA,"['Action', 'Horror']",3.5
683,Stranded,26 July 2013 (USA),Canada,['Horror'],3.5
684,Misirlou,1 February 2018 (USA),USA,"['Action', 'Fantasy']",3.5
685,La Petite Mort II,14 September 2014 (Germany),Germany,['Horror'],3.5
686,The House Across the Street,10 April 2015 (USA),USA,['Horror'],3.5
687,Zombie Hunter,8 October 2013 (USA),USA,"['Action', 'Comedy']",3.5
688,The Conduit,12 April 2016 (USA),USA,['Horror'],3.5
689,Eden Lodge,24 August 2015 (UK),UK,"['Horror', 'Mystery']",3.5
690,Needlestick,21 February 2017 (USA),USA,['Horror'],3.5
691,Kantemir,25 August 2015 (USA),USA,['Horror'],3.5
692,Long Live the Dead,21 January 2013 (USA),USA,[],3.5
693,Blood Slaughter Massacre,19 May 2013 (USA),USA,['Horror'],3.5
694,The Channel,18 March 2016 (USA),USA,"['Drama', 'Horror']",3.5
695,Classroom 6,2 October 2015 (Brazil),USA,['Horror'],3.5
696,A House Is Not a Home,7 September 2015 (USA),USA,['Horror'],3.5
697,Hunting the Legend,8 July 2014 (Canada),USA,"['Horror', 'Mystery']",3.5
698,Thr33 Days Dead,11 November 2014 (USA),USA,[],3.5
699,L.A. Slasher,3 November 2016 (USA),USA,"['Comedy', 'Crime']",3.5
700,Club Dead,November 2015 (USA),USA,[],3.5
701,Sacrament,7 July 2014 (USA),USA,"['Drama', 'Horror']",3.5
702,Camp 139,25 October 2013 (USA),USA,[],3.5
703,Dead Still,6 October 2014 (USA),USA,"['Horror', 'Sci-Fi']",3.5
704,Jurassic City,29 May 2015 (Germany),USA,"['Action', 'Horror']",3.5
705,Story of Eva,13 January 2015 (USA),USA,['Horror'],3.5
706,Meat the Jones,Thriller,USA,[],3.5
707,The Last House on Cemetery Lane,17 February 2015 (USA),UK,[],3.5
708,B.C. Butcher,8 January 2016 (USA),USA,[],3.5
709,Strange Sounds,18 September 2014 (Poland),Poland,"['Horror', 'Mystery']",3.5
710,The Devil Complex,9 May 2016 (UK),UK,['Horror'],3.5
711,7 Sins of the Vampire,12 July 2013 (USA),USA,[],3.5
712,Legend,20 January 2015 (USA),USA,[],3.5
713,Zombie Ninjas vs Black Ops,October 2015 (Canada),Australia,"['Action', 'Adventure']",3.5
714,Apocalypse L.A.,23 September 2014 (USA),USA,"['Action', 'Horror']",3.5
715,Lock In,20 January 2014 (UK),UK,[],3.5
716,Agoraphobia,11 October 2015 (USA),USA,['Horror'],3.5
717,Boots on the Ground,26 August 2017 (UK),UK,[],3.5
718,A Demon Within,12 January 2018 (USA),USA,"['Drama', 'Horror']",3.5
719,Walking with the Dead,20 March 2015 (USA),USA,['Comedy'],3.5
720,Honeyspider,18 October 2014 (USA),USA,['Horror'],3.5
721,The Linda Vista Project,2015 (USA),USA,[],3.5
722,Dead Girls,2014 (USA),USA,['Horror'],3.5
723,The Divine Tragedies,3 October 2015 (USA),USA,"['Drama', 'Horror']",3.5
724,Neighbours,14 March 2014 (India),India,[],3.5
725,Aliens: Zone of Silence,24 October 2017 (USA),USA,"['Horror', 'Mystery']",3.5
726,Bikini Swamp Girl Massacre,29 April 2014 (USA),USA,[],3.5
727,Zombieworld,26 December 2017 (USA),USA,['Comedy'],3.5
728,Trace,27 October 2015 (USA),USA,[],3.5
729,Slasher.com,16 January 2017 (UK),USA,['Horror'],3.5
730,The Biker Warrior Babe vs. The Zombie Babies from Hell,1 November 2014 (USA),USA,[],3.5
731,Star Leaf,6 June 2015 (USA),USA,"['Horror', 'Sci-Fi']",3.5
732,The Attic,25 January 2017 (Thailand),Thailand,[],3.5
733,A Room to Die For,16 January 2017 (UK),UK,['Horror'],3.5
734,Unhallowed Ground,25 April 2015 (UK),UK,['Horror'],3.5
735,Zombie Cats from Mars,1 May 2015 (USA),USA,[],3.5
736,Lumber vs. Jack,Sci-Fi,USA,['Comedy'],3.5
737,Wrecker,6 January 2017 (India),Canada,"['Action', 'Horror']",3.5
738,Zombie Bite,23 October 2017 (USA),USA,['Horror'],3.5
739,The Creature Below,27 August 2016 (UK),UK,['Horror'],3.5
740,StaggeR .0,6 July 2015 (UK),UK,"['Action', 'Crime']",3.5
741,Shark Lake,2 October 2015 (USA),USA,"['Action', 'Adventure']",3.5
742,The Spiritualist,27 September 2016 (UK),UK,"['Drama', 'Horror']",3.5
743,Tsunambee: The Wrath Cometh,2015 (USA),USA,['Drama'],3.5
744,Hack House,14 June 2017 (USA),USA,[],3.5
745,The Last Heist,17 June 2016 (USA),USA,"['Action', 'Horror']",3.5
746,Nocturna,6 October 2015 (USA),USA,['Horror'],3.5
747,Red Eye,2017 (USA),USA,[],3.5
748,BLDNG Movie,1 April 2015 (USA),USA,[],3.5
749,Nayaki,15 July 2016 (India),India,"['Comedy', 'Horror']",3.5
750,Phantom of the Opera,8 October 2014 (USA),Canada,[],3.5
751,Azem 3: Cin Tohumu,8 April 2016 (Turkey),Turkey,[],3.5
752,Welcome to Horror,14 February 2016 (USA),USA,[],3.5
753,Tarnation,24 November 2017 (Australia),Australia,['Comedy'],3.5
754,Wraith,5 November 2018 (Japan),USA,"['Horror', 'Mystery']",3.5
755,Bloodthirsty,24 February 2017 (UK),UK,[],3.5
756,UFO: It Is Here,28 October 2016 (Germany),Germany,['Horror'],3.5
757,Ammar 2: Cin Istilasi,17 June 2016 (Turkey),Turkey,[],3.5
758,A Taste of Phobia,22 May 2018 (USA),UK,[],3.5
759,Bloody Drama,30 October 2017 (USA),USA,[],3.5
760,Satanic Meat Cleaver Massacre,28 July 2017 (USA),USA,[],3.5
761,Dark Web,17 October 2017 (USA),USA,[],3.5
762,Virion,30 October 2016 (Russia),Russia,[],3.5
763,Hell Fire,6 January 2015 (USA),USA,[],3.6
764,Axe to Grind,3 February 2015 (USA),USA,['Horror'],3.6
765,Axe Giant: The Wrath of Paul Bunyan,18 June 2013 (USA),USA,['Fantasy'],3.6
766,Shame the Devil,2 December 2013 (Germany),UK,"['Crime', 'Horror']",3.6
767,The Paranormal Diaries: Clophill,14 October 2013 (UK),UK,[],3.6
768,Cruel Will,3 January 2014 (USA),,['Horror'],3.6
769,Waxie Moon in Fallen Jewel,31 March 2015 (USA),USA,"['Comedy', 'Drama']",3.6
770,Serenity Farm,2014 (USA),USA,['Horror'],3.6
771,The Red House,7 October 2014 (USA),USA,"['Drama', 'Horror']",3.6
772,The Devil's Dozen,1 February 2013 (USA),USA,"['Horror', 'Mystery']",3.6
773,Bloody Homecoming,November 2014 (Poland),USA,[],3.6
774,Dead South,2016 (USA),USA,"['Action', 'Drama']",3.6
775,Haunted,21 October 2013 (USA),UK,[],3.6
776,Pro Wrestlers vs Zombies,28 March 2014 (USA),USA,"['Action', 'Comedy']",3.6
777,Trapped,January 2014 (USA),USA,[],3.6
778,Alice D,3 May 2016 (USA),USA,['Horror'],3.6
779,3G - A Killer Connection,15 March 2013 (India),India,"['Horror', 'Sci-Fi']",3.6
780,Preston Castle,7 October 2014 (USA),USA,[],3.6
781,Blood Reunion 2: Madeline,4 February 2015 (USA),USA,[],3.6
782,Ooga Booga,12 March 2013 (USA),USA,"['Comedy', 'Fantasy']",3.6
783,Bleeding Hearts,3 February 2015 (USA),USA,[],3.6
784,In a Heartbeat,26 December 2014 (UK),UK,"['Horror', 'Mystery']",3.6
785,Ghostline,6 October 2015 (USA),USA,['Horror'],3.6
786,The Slender Man,18 February 2013 (USA),USA,[],3.6
787,Area 407: Part Two,27 November 2013 (USA),USA,['Horror'],3.6
788,Der Fluch der Grete Müller,21 April 2013 (Austria),Germany,[],3.6
789,Lady of Csejte,26 February 2015 (Russia),USA,[],3.6
790,Bleed,March 2016 (USA),USA,['Horror'],3.6
791,Death House,23 February 2018 (USA),USA,[],3.6
792,The Bell Witch Haunting,5 November 2013 (USA),USA,['Biography'],3.6
793,Live Evil,17 October 2015 (USA),USA,[],3.6
794,Hell Glades,1 January 2013 (USA),USA,[],3.6
795,Backtrack,10 February 2015 (UK),UK,['Horror'],3.6
796,LifeRaft,21 July 2016 (USA),USA,"['Horror', 'Sci-Fi']",3.6
797,Jue min hang ban,21 March 2014 (China),China,"['Action', 'Horror']",3.6
798,The Jokesters,21 July 2015 (USA),USA,"['Comedy', 'Horror']",3.6
799,Feed the Devil,6 November 2015 (Finland),Canada,"['Adventure', 'Horror']",3.6
800,Jinjì youxi zhi mi zang,11 October 2013 (China),China,['Horror'],3.6
801,The Before Time,8 March 2016 (USA),USA,"['Horror', 'Mystery']",3.6
802,Xiao Hua Gui Yi Shi Jian,12 July 2013 (China),China,[],3.6
803,She and She,Romance,China,[],3.6
804,Elizabeth Bathory,Thriller,USA,['Drama'],3.6
805,Happy Camp,25 March 2014 (USA),USA,['Horror'],3.6
806,Condemned,13 November 2015 (USA),,[],3.6
807,Another Yeti a Love Story: Life on the Streets,14 February 2017 (USA),USA,['Comedy'],3.6
808,The Evil Gene,September 2015 (USA),USA,['Horror'],3.6
809,Halloweed,March 2016 (USA),USA,"['Comedy', 'Horror']",3.6
810,The Possession Experiment,17 November 2016 (Peru),USA,['Horror'],3.6
811,The Wicked One,23 April 2017 (USA),USA,['Horror'],3.6
812,Besetment,6 June 2017 (USA),USA,['Horror'],3.6
813,Sendero,12 October 2015 (Spain),Chile,"['Action', 'Drama']",3.6
814,Horror House on Highway 6,4 November 2014 (USA),USA,[],3.6
815,House by the Lake,10 October 2017 (USA),USA,['Horror'],3.6
816,Seclusion,23 October 2015 (USA),USA,"['Horror', 'Mystery']",3.6
817,The Chosen,24 July 2015 (USA),USA,['Horror'],3.6
818,All Girls Weekend,12 July 2016 (USA),USA,"['Action', 'Adventure']",3.6
819,Distiller,8 January 2016 (USA),USA,"['Family', 'Horror']",3.6
820,Mask of Fear,21 September 2013 (Germany),Germany,[],3.6
821,Crazy Lake,1 October 2017 (USA),USA,['Comedy'],3.6
822,7 Witches,14 April 2017 (USA),USA,['Horror'],3.6
823,Terror Birds,8 March 2016 (USA),USA,['Horror'],3.6
824,Azazil: Dügüm,29 August 2014 (Turkey),Turkey,[],3.6
825,The Devil's Toy Box,16 January 2017 (UK),USA,[],3.6
826,Drifter,24 February 2017 (USA),USA,"['Crime', 'Horror']",3.6
827,The Coffin Footage,Thriller,USA,['Horror'],3.6
828,Dying to Kill,13 December 2016 (USA),USA,['Horror'],3.6
829,The Haunted House on Kirby Road,9 September 2016 (Canada),Canada,"['Adventure', 'Comedy']",3.6
830,Kong bu you yong guan,31 July 2015 (China),China,[],3.6
831,Temple,1 September 2017 (USA),Japan,"['Adventure', 'Drama']",3.6
832,Sadie,23 February 2018 (Germany),UK,"['Drama', 'Fantasy']",3.6
833,American Gothic,2017 (USA),USA,['Horror'],3.6
834,Little Dead Rotting Hood,5 January 2016 (USA),USA,[],3.6
835,My Little Sister,30 April 2016 (USA),Italy,[],3.6
836,Dead West,Horror,USA,['Crime'],3.6
837,Party Night,28 April 2017 (USA),USA,[],3.6
838,Azem 2: Cin Garezi,15 May 2015 (Turkey),Turkey,[],3.6
839,The Obsidian Curse,1 December 2016 (USA),USA,[],3.6
840,Snuff: Diary of a Serial Killer,5 August 2016 (USA),USA,[],3.6
841,Swamp Ape,1 January 2017 (USA),USA,"['Adventure', 'Comedy']",3.6
842,Dracula in a Women's Prison,Horror,USA,[],3.7
843,Dào líng sùshè wáwá laoshi,14 April 2017 (China),China,[],3.6
844,Fiends on the Run,30 June 2017 (Australia),Australia,"['Comedy', 'Horror']",3.6
845,Prisoners of the Sun,12 December 2013 (Thailand),USA,"['Action', 'Adventure']",3.7
846,Germ,12 March 2013 (USA),USA,"['Action', 'Drama']",3.7
847,9 Days,28 May 2013 (USA),USA,"['Comedy', 'Horror']",3.7
848,Rockabilly Zombie Weekend,17 February 2013 (USA),USA,[],3.7
849,Distorted,Thriller,UK,['Horror'],3.7
850,All Saints Eve,17 February 2015 (USA),USA,[],3.7
851,Gilgamesh,20 November 2014 (USA),USA,"['Drama', 'Fantasy']",3.7
852,Holland Road,5 March 2015 (USA),USA,"['Crime', 'Horror']",3.7
853,Aatma,22 March 2013 (India),India,"['Drama', 'Horror']",3.7
854,Soldiers of the Damned,8 August 2015 (UK),UK,"['Action', 'Horror']",3.7
855,Kissing Darkness,6 April 2014 (Belgium),USA,"['Comedy', 'Horror']",3.7
856,Jezebeth 2 Hour of the Gun,31 May 2015 (USA),USA,"['Action', 'Adventure']",3.7
857,Cam2Cam,22 August 2014 (USA),USA,['Horror'],3.7
858,Speak No Evil,8 October 2015 (Brazil),USA,[],3.7
859,Seventy-Nine,8 June 2017 (USA),USA,"['Action', 'Horror']",3.7
860,St. Osmund's,May 2013 (USA),USA,"['Drama', 'Horror']",3.7
861,Evangeline,17 April 2015 (Mexico),Canada,"['Fantasy', 'Horror']",3.7
862,Nocturne Six,26 April 2014 (USA),USA,"['Horror', 'Sci-Fi']",3.7
863,Pajama Nightmare,26 March 2013 (USA),USA,[],3.7
864,HazMat,11 March 2014 (USA),USA,['Horror'],3.7
865,The Midnight Horror Show,8 September 2014 (UK),UK,[],3.7
866,Alien Strain,Thriller,USA,['Horror'],3.7
867,Panzer Chocolate,22 November 2013 (Spain),Spain,['Horror'],3.7
868,The Dooms Chapel Horror,14 June 2016 (USA),USA,"['Horror', 'Mystery']",3.7
869,The Diplomat Hotel,4 September 2013 (Philippines),Philippines,"['Drama', 'Horror']",3.7
870,Deadly Intent,11 April 2016 (UK),UK,"['Drama', 'Horror']",3.7
871,Hypnagogic,2015 (USA),USA,"['Drama', 'Horror']",3.7
872,Grim Reapers,27 September 2014 (USA),USA,"['Horror', 'Mystery']",3.7
873,Feed the Gods,26 October 2014 (Canada),Canada,"['Adventure', 'Drama']",3.7
874,Summit,18 November 2014 (USA),USA,"['Comedy', 'Drama']",3.7
875,Knucklebones,2016 (USA),USA,[],3.7
876,Valley of the Sasquatch,7 February 2017 (USA),USA,['Horror'],3.7
877,Hangar 10,7 November 2014 (USA),UK,"['Horror', 'Sci-Fi']",3.7
878,Bunni,14 September 2013 (USA),USA,[],3.7
879,Venial,14 April 2014 (USA),USA,"['Drama', 'Horror']",3.7
880,Buddy Hutchins,20 November 2015 (Germany),USA,['Horror'],3.7
881,The Shelter,28 August 2015 (UK),Canada,"['Drama', 'Horror']",3.7
882,The Unfolding,14 March 2016 (UK),UK,"['Horror', 'Mystery']",3.7
883,Survival Knife,26 January 2016 (USA),USA,['Horror'],3.7
884,A Vault of Victims,12 September 2014 (USA),UK,[],3.7
885,Infected Paradise,23 April 2014 (Australia),Australia,[],3.7
886,The Coed and the Zombie Stoner,18 April 2014 (USA),USA,['Comedy'],3.7
887,Citrus Springs,17 May 2016 (USA),USA,"['Crime', 'Horror']",3.7
888,Cabin Fever,13 May 2016 (Ireland),USA,[],3.7
889,The Remains,5 August 2016 (USA),USA,['Horror'],3.7
890,Beaster Day: Here Comes Peter Cottonhell,April 2014 (USA),USA,['Comedy'],3.7
891,The Binding,2 August 2016 (USA),USA,"['Drama', 'Horror']",3.7
892,My Boo,1 April 2013 (USA),USA,[],3.7
893,Drink Me,27 April 2015 (UK),UK,['Drama'],3.7
894,Reel Nightmare,7 February 2017 (USA),USA,"['Fantasy', 'Horror']",3.7
895,Cheerleader Camp: To the Death,13 October 2014 (USA),USA,[],3.7
896,The Z Effect,13 September 2017 (UK),USA,['Horror'],3.7
897,Watch Over Us,5 May 2015 (USA),USA,"['Comedy', 'Drama']",3.7
898,BEDTIMESCARRIES.com,18 March 2015 (USA),USA,[],3.7
899,The Sound,6 October 2017 (Kuwait),Canada,"['Horror', 'Mystery']",3.7
900,Great Grand Masti,15 July 2016 (India),India,"['Comedy', 'Drama']",3.7
901,The Lake,22 August 2017 (USA),USA,['Horror'],3.7
902,Satanic,1 July 2016 (USA),USA,[],3.7
903,Dark Prism,2015 (USA),USA,"['Comedy', 'Fantasy']",3.7
904,Inheritance,2 June 2017 (USA),USA,"['Drama', 'Horror']",3.7
905,Ozark Sharks,30 July 2016 (Poland),USA,"['Action', 'Adventure']",3.7
906,Five: Find Your Limit,19 November 2016 (Germany),Germany,['Horror'],3.7
907,Seytanin Çocuklari-El Ebyaz,3 June 2016 (Turkey),Turkey,[],3.7
908,Escape from Cannibal Farm,24 September 2018 (UK),UK,[],3.7
909,Unwanted,9 January 2017 (USA),USA,[],3.7
910,The Hatred,29 November 2017 (Indonesia),USA,['Horror'],3.7
911,Tyler Perry's Boo 2! A Madea Halloween,20 October 2017 (USA),USA,['Comedy'],3.7
912,From Dust,3 November 2016 (USA),USA,[],3.7
913,Goa 350 KM,Horror,India,[],3.7
914,Jailangkung,25 June 2017 (Indonesia),Indonesia,[],3.7
915,Hacked Horror Film Massacre,18 August 2017 (USA),USA,[],3.7
916,Steelmanville Road,4 May 2017 (USA),USA,[],3.7
917,Attack of the Tattie-Bogle,10 March 2017 (USA),USA,[],3.7
918,The Stream,14 January 2017 (USA),USA,[],3.7
919,Travis,10 May 2016 (USA),USA,"['Horror', 'Sci-Fi']",3.8
920,Wind Walkers,16 October 2015 (USA),USA,"['Action', 'Horror']",3.8
921,House of Dust,24 May 2013 (Japan),USA,['Horror'],3.8
922,The Dead Inside,14 October 2013 (UK),UK,"['Action', 'Horror']",3.8
923,The Occupants,13 January 2014 (USA),USA,['Horror'],3.8
924,Devil's Mile,12 August 2014 (USA),USA,"['Action', 'Crime']",3.8
925,The Demented,20 August 2013 (Taiwan),USA,['Horror'],3.8
926,Treasure Chest of Horrors II,23 April 2013 (USA),USA,"['Comedy', 'Horror']",3.8
927,Afterparty,13 September 2013 (Spain),Spain,[],3.8
928,Ejecta,27 February 2015 (USA),Canada,['Horror'],3.8
929,The Thing on the Doorstep,2014 (USA),USA,"['Horror', 'Mystery']",3.8
930,Scars,23 January 2017 (UK),Canada,[],3.8
931,Cementerio General,25 July 2013 (Peru),Peru,[],3.8
932,The Crypt,3 December 2014 (France),UK,[],3.8
933,Beneath,3 May 2013 (USA),USA,['Horror'],3.8
934,Gui ying: Baby Blues,1 May 2013 (Hong Kong),Hong Kong,[],3.8
935,Fork You,29 August 2013 (USA),USA,['Comedy'],3.8
936,Crazy Bitches,26 June 2014 (USA),USA,['Comedy'],3.8
937,Silent Lake,28 June 2013 (Poland),Poland,[],3.8
938,The Impaler,31 October 2013 (USA),USA,"['Action', 'Horror']",3.8
939,Moon Creek Cemetery,31 October 2017 (USA),USA,[],3.8
940,A Cry from Within,3 April 2014 (USA),USA,"['Horror', 'Mystery']",3.8
941,Km 31-2,4 November 2016 (Mexico),Mexico,[],3.8
942,City of Dead Men,15 November 2014 (USA),USA,['Horror'],3.8
943,Fat Chance,22 March 2014 (Germany),USA,['Comedy'],3.8
944,Throwback,2014 (Australia),Australia,"['Action', 'Adventure']",3.8
945,Bombshell Bloodbath,4 October 2014 (Spain),USA,[],3.8
946,Watch Me Die,Horror,USA,[],3.8
947,Frankenstein vs. The Mummy,12 February 2017 (USA),USA,[],3.8
948,Leng Tong,31 October 2013 (China),China,[],3.8
949,The Sand,11 May 2018 (Poland),USA,['Horror'],3.8
950,Penanggal: The Curse of the Malayan Vampire,28 November 2013 (Malaysia),Malaysia,[],3.8
951,Knightmare,18 November 2014 (USA),USA,[],3.8
952,Silent Retreat,12 January 2016 (USA),USA,"['Horror', 'Mystery']",3.8
953,Psympatico,Thriller,USA,['Drama'],3.8
954,Plan Z,19 March 2016 (USA),UK,[],3.8
955,The Suicide Pact,24 May 2014 (USA),USA,[],3.8
956,The Cutting Room,1 June 2015 (UK),UK,[],3.8
957,Ice Cream,12 July 2014 (India),India,['Horror'],3.8
958,The Offering,6 May 2016 (USA),Singapore,"['Drama', 'Horror']",3.8
959,Braxton,3 July 2017 (UK),UK,"['Horror', 'Mystery']",3.8
960,Lycan,4 August 2017 (USA),USA,['Horror'],3.8
961,Ice Cream 2,21 November 2014 (India),,['Horror'],3.8
962,Scathing,15 November 2016 (USA),USA,['Horror'],3.8
963,Alone,16 January 2015 (India),India,[],3.8
964,The Arc of Methul,Fantasy,USA,['Action'],3.8
965,Invitation to Die,9 December 2014 (USA),USA,[],3.8
966,Huanhun Zhi Mishi Mangu,26 December 2014 (China),China,['Horror'],3.8
967,Laundry Man,January 2017 (USA),Belgium,[],3.8
968,Attack of the Killer Donuts,17 November 2017 (USA),USA,"['Action', 'Comedy']",3.8
969,Ostzone,27 August 2016 (Germany),Germany,['Horror'],3.8
970,Armed Response,9 August 2017 (Philippines),USA,"['Action', 'Horror']",3.8
971,The Last Witch,1 January 2016 (Spain),Spain,[],3.8
972,Altar,2 June 2017 (USA),USA,[],3.8
973,Cannibal Cop,15 January 2017 (USA),USA,[],3.8
974,Lyst,21 April 2017 (Norway),Norway,"['Horror', 'Mystery']",3.8
975,A Closer Walk with Thee,28 February 2017 (USA),USA,['Drama'],3.8
976,The Curse of Robert the Doll,12 September 2016 (UK),UK,[],3.8
977,Psychopaths,1 December 2017 (USA),USA,[],3.8
978,Bangkok 13 Muang Kon Tai,17 March 2016 (Thailand),Thailand,[],3.8
979,Carnivore: Werewolf of London,30 July 2018 (UK),UK,['Horror'],3.8
980,The Small Woman in Grey,1 October 2017 (UK),UK,[],3.8
981,Diggery,11 August 2016 (Russia),Russia,[],3.8
982,The Canadoo,1 September 2017 (USA),USA,[],3.8
983,Mother Krampus,8 October 2017 (UK),UK,[],3.8
984,Gremlin,11 January 2017 (Philippines),USA,['Horror'],3.8
985,Genesis,13 May 2016 (France),USA,['Horror'],3.8
986,The Darkest,Horror,France,[],3.8
987,Haunted Forest,25 December 2017 (Philippines),Philippines,[],3.8
988,Ruqyah: The Exorcism,5 October 2017 (Indonesia),Indonesia,[],3.8
989,The Oatmeal Man,19 October 2014 (USA),USA,"['Comedy', 'Horror']",3.9
990,Bloodline,27 September 2013 (USA),USA,[],3.9
991,Treehouse,25 June 2015 (South Korea),UK,"['Horror', 'Mystery']",3.9
992,Roadside,14 April 2015 (USA),USA,"['Drama', 'Horror']",3.9
993,Creeporia,Fantasy,USA,['Comedy'],3.9
994,Ritual,31 December 2013 (USA),USA,[],3.9
995,Pinup Dolls on Ice,2014 (USA),Canada,[],3.9
996,To Hell with a Bullet,17 August 2013 (USA),USA,"['Drama', 'Horror']",3.9
997,The Control Group,22 October 2014 (USA),USA,"['Action', 'Horror']",3.9
998,Ren jian zheng fa,9 May 2013 (Hong Kong),China,[],3.9
999,Raised by Wolves,18 August 2014 (UK),USA,[],3.9
1000,Dysmorphia,2014 (USA),USA,"['Comedy', 'Horror']",3.9
1001,Varsity Blood,19 August 2014 (USA),USA,[],3.9
1002,The Disappointments Room,9 September 2016 (USA),USA,"['Drama', 'Horror']",3.9
1003,Blood Soaked,12 October 2013 (USA),USA,['Horror'],3.9
1004,Taryn Barker: Demon Hunter,2017 (USA),USA,['Action'],3.9
1005,Self Induced Nightmares,4 November 2013 (UK),UK,[],3.9
1006,Dead Within,9 September 2014 (USA),USA,"['Drama', 'Horror']",3.9
1007,Camp Dread,19 May 2014 (UK),USA,"['Horror', 'Mystery']",3.9
1008,Her Cry: La Llorona Investigation,19 April 2013 (USA),USA,[],3.9
1009,A Blood Story,9 June 2015 (USA),USA,[],3.9
1010,Bunker of the Dead,18 February 2016 (Russia),Germany,"['Action', 'Comedy']",3.9
1011,Army of the Damned,3 December 2013 (USA),USA,[],3.9
1012,Reipu zonbi: Lust of the dead 2,23 March 2013 (Japan),Japan,[],3.9
1013,Ragini MMS 2,21 March 2014 (India),India,[],3.9
1014,Mary Loss of Soul,29 October 2015 (USA),USA,['Horror'],3.9
1015,Long Jamnam,25 July 2013 (Thailand),Thailand,[],3.9
1016,Sapi,6 November 2013 (Philippines),Philippines,[],3.9
1017,Elliot,2017 (USA),USA,"['Fantasy', 'Horror']",3.9
1018,Edgar Allan Poe's Lighthouse Keeper,2017 (USA),USA,[],3.9
1019,All Hallows Eve: October 30th,16 June 2015 (USA),Canada,['Horror'],3.9
1020,The Hollow One,July 2017 (USA),USA,"['Horror', 'Sci-Fi']",3.9
1021,Gorod-prizrak,3 February 2013 (Russia),Russia,"['Comedy', 'Horror']",3.9
1022,The Blackburn Asylum,2 August 2016 (Canada),Canada,[],3.9
1023,The Fear of Darkness,17 November 2016 (Russia),Australia,['Horror'],3.9
1024,The Girl Who Played with the Dead,6 June 2014 (USA),USA,[],3.9
1025,Kids vs Monsters,Horror,USA,['Comedy'],3.9
1026,Hungerford,3 May 2014 (UK),UK,['Horror'],3.9
1027,House of Afflictions,6 April 2017 (UK),UK,['Horror'],3.9
1028,El Dassas,Horror,Egypt,['Action'],3.9
1029,Erasmus,2016 (Spain),Argentina,"['Crime', 'Horror']",3.9
1030,Sociopathia,19 November 2015 (USA),USA,[],3.9
1031,11:23-09:59 Projekt Angst,26 September 2014 (Switzerland),Switzerland,[],3.9
1032,La Niña de la Mina,1 July 2016 (Mexico),Mexico,[],3.9
1033,Pizza Girl Massacre,2014 (USA),USA,[],3.9
1034,Campground: The Requel,November 2015 (USA),USA,[],3.9
1035,Project Eugenics,13 October 2015 (Canada),Canada,[],3.9
1036,There's Something in the Pilliga,2018 (Australia),Australia,['Comedy'],3.9
1037,Hallows Eve,August 2016 (UK),UK,['Horror'],3.9
1038,Moth,21 February 2017 (USA),UK,"['Drama', 'Horror']",3.9
1039,ClownTown,1 March 2018 (UK),USA,['Horror'],3.9
1040,The Body Tree,13 November 2017 (USA),Russia,['Horror'],3.9
1041,Terror 5,5 January 2017 (Argentina),Argentina,[],3.9
1042,WTF!,1 August 2017 (USA),USA,[],3.9
1043,Charlotte Wakes,28 August 2017 (UK),UK,[],3.9
1044,Family Possessions,21 October 2016 (USA),USA,[],3.9
1045,No 46,28 February 2016 (Australia),Australia,[],3.9
1046,Skjærgården,8 January 2016 (Norway),Norway,[],3.9
1047,Maskoun,Thriller,Egypt,[],3.9
1048,Tonight She Comes,13 February 2018 (USA),USA,['Comedy'],3.9
1049,Lipstick,2 November 2013 (Japan),Japan,[],3.9
1050,Inoperable,1 December 2017 (USA),USA,[],3.9
1051,Valley of Ditches,21 March 2017 (USA),USA,"['Crime', 'Drama']",3.9
1052,Çagrilan,26 February 2016 (Turkey),Turkey,[],3.9
1053,The Toymaker,21 August 2017 (UK),UK,[],3.9
1054,Le périple,2017 (France),France,['Comedy'],3.9
1055,Kodomo tsukai,17 June 2017 (Japan),Japan,[],3.9
1056,Connected Killer,March 2016 (USA),USA,"['Drama', 'Horror']",3.9
1057,Saansein: The Last Breath,25 November 2016 (India),India,['Horror'],3.9
1058,Bayou Ghost Story,18 April 2017 (USA),USA,"['Drama', 'Horror']",3.9
1059,The Witching,3 November 2016 (USA),USA,[],3.9
1060,The Void,8 November 2016 (USA),USA,[],3.9
1061,Where the Skin Lies,26 August 2017 (UK),UK,['Horror'],3.9
1062,Juego siniestro,3 June 2017 (Mexico),Peru,[],3.9
1063,Do You Believe?,9 September 2017 (USA),USA,['Fantasy'],3.9
1064,Net I Die,1 February 2018 (Hong Kong),Thailand,['Horror'],3.9
1065,Monkey Farm,10 October 2017 (USA),USA,[],3.9
1066,Devil's Trail,12 December 2017 (USA),USA,[],3.9
1067,Haunted Road 2,12 October 2017 (China),China,[],3.9
1068,Parched,30 December 2017 (UK),USA,[],3.9
1069,Paranormal Investigation Agency,10 January 2017 (USA),USA,['Comedy'],3.9
1070,The Demon,15 January 2016 (Mongolia),Cambodia,[],3.9
1071,Bigfoot,7 November 2017 (USA),USA,['Horror'],4.0
1072,Jeepers Creepers 3,2 November 2017 (Mexico),USA,"['Action', 'Horror']",4.0
1073,The Haunting of Pearson Place,2 February 2015 (USA),USA,['Horror'],4.0
1074,Old 37,29 September 2015 (USA),USA,[],4.0
1075,Martyrs,22 January 2016 (USA),USA,"['Drama', 'Horror']",4.0
1076,Stripped,14 May 2013 (USA),USA,"['Comedy', 'Horror']",4.0
1077,A Resurrection,22 March 2013 (USA),USA,['Horror'],4.0
1078,The Eve,24 April 2015 (USA),USA,['Horror'],4.0
1079,Altergeist,7 November 2014 (USA),USA,"['Horror', 'Sci-Fi']",4.0
1080,The Last Exorcism Part II,9 May 2013 (Hong Kong),France,"['Drama', 'Horror']",4.0
1081,Alicia's Dream,22 September 2017 (Mexico),USA,"['Drama', 'Horror']",4.0
1082,Can't Take It Back,26 October 2017 (USA),USA,"['Horror', 'Sci-Fi']",4.0
1083,Dead Kansas,24 September 2013 (USA),USA,['Adventure'],4.0
1084,Kôsoku bâba,27 July 2013 (Japan),Japan,[],4.0
1085,Shallow Creek Cult,18 August 2013 (USA),USA,"['Action', 'Horror']",4.0
1086,Evil Feed,23 October 2013 (Canada),Canada,['Action'],4.0
1087,The Legend of Seven Toe Maggie,13 March 2015 (USA),USA,[],4.0
1088,The Hideout,1 May 2014 (USA),USA,"['Action', 'Horror']",4.0
1089,The American Werewolf Project,30 June 2015 (USA),USA,[],4.0
1090,The Jungle,2013 (Australia),Australia,['Horror'],4.0
1091,The Unwanted,31 March 2014 (USA),USA,"['Drama', 'Horror']",4.0
1092,Cannon Fodder,13 March 2014 (Israel),Israel,['Action'],4.0
1093,Home,March 2016 (USA),USA,"['Drama', 'Horror']",4.0
1094,Jake's Road,23 September 2017 (USA),USA,"['Action', 'Horror']",4.0
1095,Septic Man,15 August 2014 (USA),Canada,['Horror'],4.0
1096,Don't Go to the Reunion,9 August 2013 (USA),USA,"['Horror', 'Mystery']",4.0
1097,Wax,13 March 2015 (Spain),Spain,[],4.0
1098,AfterDeath,19 October 2015 (UK),UK,"['Horror', 'Mystery']",4.0
1099,2 Bedroom 1 Bath,5 September 2014 (USA),USA,"['Horror', 'Mystery']",4.0
1100,Demons vs. Zombies: The Rise of Azazel,2 March 2013 (USA),USA,[],4.0
1101,Apparition of Evil,7 October 2014 (USA),UK,"['Crime', 'Horror']",4.0
1102,Phantom of the Woods,30 June 2013 (USA),USA,"['Drama', 'Horror']",4.0
1103,Serial Kaller,1 October 2014 (UK),UK,[],4.0
1104,Book of Fire,22 November 2015 (USA),USA,['Action'],4.0
1105,What Lies Beyond... The Beginning,7 November 2014 (USA),USA,['Comedy'],4.0
1106,Bite,20 September 2016 (USA),UK,"['Comedy', 'Crime']",4.0
1107,The Hatching,26 September 2017 (UK),UK,"['Action', 'Comedy']",4.0
1108,The Sunderland Experiment,12 April 2014 (USA),USA,['Horror'],4.0
1109,Ancient Demon Succubi,14 February 2014 (USA),UK,['Horror'],4.0
1110,His Devil's Night,2013 (USA),USA,[],4.0
1111,Seytan-i racim,13 September 2013 (Turkey),Turkey,['Horror'],4.0
1112,Hooked Up,15 October 2013 (Spain),Spain,"['Comedy', 'Horror']",4.0
1113,Collar,15 March 2014 (Canada),Canada,[],4.0
1114,X Moor,25 August 2014 (UK),UK,[],4.0
1115,Mazâ,27 September 2014 (Japan),Japan,[],4.0
1116,Brackenmore,2016 (UK),Ireland,"['Horror', 'Mystery']",4.0
1117,Don't Look in the Basement 2,25 May 2016 (USA),USA,['Horror'],4.0
1118,Eroddity(s),23 April 2014 (France),USA,"['Drama', 'Fantasy']",4.0
1119,Within These Walls,7 March 2015 (UK),USA,[],4.0
1120,Unnatural,16 October 2015 (USA),USA,"['Action', 'Horror']",4.0
1121,Solitude,October 2014 (USA),USA,"['Action', 'Comedy']",4.0
1122,Ban khang winyan,17 April 2014 (Thailand),Thailand,[],4.0
1123,Zombies vs. Joe Alien,4 February 2017 (USA),USA,"['Adventure', 'Comedy']",4.0
1124,Creeper,Thriller,USA,[],4.0
1125,In Residence,Thriller,USA,[],4.0
1126,Strangers Within,24 April 2017 (UK),UK,"['Drama', 'Horror']",4.0
1127,KILD TV,1 March 2016 (USA),USA,['Horror'],4.0
1128,The Emerging Past Director's Cut,28 March 2017 (USA),USA,"['Horror', 'Mystery']",4.0
1129,Luciferous,5 April 2016 (Canada),Canada,"['Drama', 'Horror']",4.0
1130,Red Billabong,25 August 2016 (Australia),Australia,"['Action', 'Comedy']",4.0
1131,Most Likely to Die,25 April 2016 (UK),USA,[],4.0
1132,One Night of Fear,30 November 2016 (USA),USA,"['Adventure', 'Horror']",4.0
1133,Zombies of Carnage,17 October 2013 (USA),USA,[],4.0
1134,Sum1,7 December 2017 (Germany),Germany,"['Horror', 'Sci-Fi']",4.0
1135,Archivo 253,5 February 2015 (Mexico),Mexico,[],4.0
1136,Restoration,3 May 2016 (USA),USA,[],4.0
1137,The Grayhaven Maniac,31 March 2015 (USA),USA,[],4.0
1138,Parasites,24 January 2017 (USA),USA,"['Action', 'Horror']",4.0
1139,Diário de um Exorcista - Zero,25 May 2016 (Brazil),Brazil,['Horror'],4.0
1140,Hollywood Warrioress: The Movie,17 May 2016 (USA),USA,"['Action', 'Horror']",4.0
1141,Almost Dead,2016 (Italy),Italy,"['Drama', 'Horror']",4.0
1142,Darling 2,1 April 2016 (India),India,['Comedy'],4.0
1143,"Saudó, laberinto de almas",August 2016 (Colombia),Colombia,"['Horror', 'Mystery']",4.0
1144,Nozokime,2 April 2016 (Japan),Japan,[],4.0
1145,Killer Waves,16 July 2016 (USA),USA,[],4.0
1146,Scarecrows,2018 (Canada),Canada,[],4.0
1147,Ballad in Blood,25 September 2016 (Austria),Italy,[],4.0
1148,Catacomba,15 September 2016 (Italy),Italy,[],4.0
1149,Marshrut postroen,31 March 2016 (Russia),Russia,['Horror'],4.0
1150,3 Flies in a Widow's Web,15 March 2016 (USA),USA,[],4.0
1151,Sickhouse,1 June 2016 (USA),USA,['Horror'],4.0
1152,Hallucination,20 June 2016 (UK),UK,['Crime'],4.0
1153,Holy Terror,1 April 2017 (USA),USA,[],4.0
1154,Zero City,25 May 2017 (USA),USA,"['Horror', 'Sci-Fi']",4.0
1155,Azem 4: Alacakaranlik,9 September 2016 (Turkey),Turkey,[],4.0
1156,Blood Prism,12 December 2017 (USA),USA,"['Drama', 'Horror']",4.0
1157,Sleep Eaters,April 2017 (USA),USA,[],4.0
1158,The Undone,2017 (USA),USA,[],4.0
1159,Sheitaan,13 October 2017 (India),India,[],4.0
1160,Alpha Delta Zatan,24 October 2017 (USA),USA,"['Horror', 'Mystery']",4.0
1161,Playing with Dolls: Havoc,18 July 2017 (USA),USA,['Horror'],4.0
1162,Deccal 2,16 June 2017 (Turkey),Turkey,[],4.0
1163,Amityville: Evil Never Dies,2017 (USA),USA,[],4.0
1164,The Midnight Matinee,19 May 2017 (USA),USA,"['Horror', 'Mystery']",4.0
1165,Badder Ben: The Final Chapter,1 October 2017 (USA),USA,[],4.0
1166,1993,16 October 2017 (USA),USA,[],4.0
1167,Dance! Dance! Dance!,22 October 2014 (Belgium),Belgium,[],1.2
1168,2045 Carnival Folklore,July 2015 (Japan),Japan,"['Drama', 'Music']",2.1
1169,59,3 November 2015 (UK),UK,"['Drama', 'Music']",2.2
1170,Paul Simon the Concert in Hyde Park,9 June 2017 (USA),USA,[],2.3
1171,Aaliyah,26 December 2015 (USA),USA,['Biography'],2.4
1172,Cantantes en Guerra,13 July 2017 (Argentina),Argentina,['Comedy'],2.4
1173,Gerardo Ortiz: Como Un Sueno,11 December 2015 (Mexico),USA,[],2.8
1174,Yamato (Kariforunia),8 October 2016 (Canada),Japan,"['Drama', 'Family']",3.2
1175,Shrimp Crawl,2013 (USA),USA,"['Action', 'Drama']",3.3
1176,H.I.T. - De Romeo's,15 March 2017 (Belgium),Belgium,"['Action', 'Comedy']",3.3
1177,Munna Michael,21 July 2017 (India),India,"['Action', 'Drama']",3.4
1178,Swing State,3 February 2017 (USA),USA,"['Comedy', 'Music']",3.6
1179,The Cockups,2015 (USA),USA,"['Comedy', 'Drama']",3.8
1180,Unter deutschen Betten,5 October 2017 (Germany),Germany,"['Comedy', 'Drama']",3.8
1181,We Will Riot,25 September 2013 (Lithuania),Lithuania,['Drama'],4.0
1182,ETXR,31 March 2014 (USA),USA,"['Adventure', 'Music']",4.0
1183,Risto Räppääjä ja yöhaukka,19 February 2016 (Finland),Finland,"['Comedy', 'Family']",4.0
1184,Pappa pia,15 August 2017 (Hungary),Hungary,"['Comedy', 'Music']",4.0
1185,Kimaat Mefursemet,22 June 2017 (Israel),Israel,"['Comedy', 'Drama']",4.0
1186,Eyal Hirrifah,29 October 2015 (Kuwait),Egypt,"['Comedy', 'Musical']",1.4
1187,My Fair Zombie,14 September 2013 (Canada),Canada,['Horror'],1.5
1188,To the Top,2016 (USA),USA,"['Adventure', 'Drama']",1.5
1189,Decibely lásky,11 February 2016 (Czech Republic),Czech Republic,"['Comedy', 'Musical']",1.8
1190,Khaltoor,1 November 2017 (Iran),Iran,"['Action', 'Comedy']",2.1
1191,Dancin': It's On!,30 October 2015 (USA),USA,"['Family', 'Musical']",2.8
1192,The Pink Marble Egg,15 May 2013 (France),UK,[],3.0
1193,As o pas,19 October 2016 (Iran),Iran,"['Comedy', 'Family']",3.1
1194,Halloween Pussy Trap Kill Kill,27 October 2017 (USA),USA,"['Crime', 'Horror']",3.1
1195,Verdi's La Traviata - English National Opera,11 March 2015 (UK),UK,[],3.2
1196,Yamato (Kariforunia),8 October 2016 (Canada),Japan,"['Drama', 'Family']",3.2
1197,Bir Baba Hindu,29 September 2016 (Germany),Turkey,"['Action', 'Adventure']",3.3
1198,Moshi Monsters: The Movie,18 February 2018 (Hong Kong),UK,"['Animation', 'Adventure']",3.4
1199,Gong zhu de you huo,25 October 2013 (China),China,"['Comedy', 'Drama']",3.4
1200,Tie the Knot,21 February 2017 (USA),USA,"['Comedy', 'Drama']",3.5
1201,Meinu Ek Ladki Chaahiye,26 September 2014 (India),India,"['Comedy', 'Crime']",3.5
1202,Waxie Moon in Fallen Jewel,31 March 2015 (USA),USA,"['Comedy', 'Drama']",3.6
1203,The Harry Hill Movie,20 December 2013 (UK),UK,"['Adventure', 'Comedy']",3.7
1204,CarGo,6 June 2017 (USA),USA,"['Animation', 'Adventure']",3.7
1205,Basmati Blues,9 February 2018 (USA),USA,"['Comedy', 'Musical']",3.8
1206,Qué le dijiste a Dios?,17 January 2014 (Mexico),Mexico,['Comedy'],3.8
1207,Caught on Tape,5 February 2013 (USA),USA,['Crime'],4.0
1208,A Christmas Carol,20 November 2015 (USA),Canada,"['Drama', 'Family']",4.0
1209,Dance Camp,10 February 2016 (USA),USA,"['Comedy', 'Drama']",4.0
1210,Saigal Padukayanu,2 October 2015 (India),India,['Drama'],4.0
1211,Rhythm,19 February 2016 (India),India,['Musical'],4.0
1212,Ushikoku ni mairu,14 November 2015 (Japan),Japan,"['Action', 'Drama']",1.0
1213,Yurameku,Romance,Japan,['Fantasy'],1.1
1214,Devil's Drain,Mystery,Italy,['Fantasy'],1.4
1215,Shark Exorcist,14 August 2015 (USA),USA,"['Action', 'Comedy']",1.5
1216,Rise of the Dark,31 July 2015 (Russia),Russia,"['Horror', 'Mystery']",1.5
1217,Kod Adi K.O.Z.,13 February 2015 (Turkey),Turkey,['Crime'],1.6
1218,Angela Markado,2 December 2015 (Philippines),Philippines,"['Action', 'Crime']",1.9
1219,Super Model,27 September 2013 (India),India,"['Drama', 'Mystery']",2.1
1220,The Omnipotence of Dreams,Horror,USA,['Comedy'],2.1
1221,Subconscious,10 March 2015 (USA),USA,"['Action', 'Mystery']",2.2
1222,Terror House,19 September 2016 (USA),USA,"['Fantasy', 'Horror']",2.3
1223,Gas Light,15 September 2018 (USA),USA,"['Horror', 'Mystery']",2.4
1224,Jango,Mystery,India,[],2.4
1225,The Secret Village,16 October 2013 (Sweden),USA,"['Horror', 'Mystery']",2.5
1226,Razors: The Return of Jack the Ripper,8 May 2017 (UK),UK,"['Fantasy', 'Horror']",2.5
1227,You Will Love Me,31 August 2013 (USA),USA,"['Horror', 'Mystery']",2.5
1228,Scream at the Devil,2 March 2016 (USA),USA,['Mystery'],2.5
1229,Voodoo Possession,14 January 2014 (USA),USA,"['Drama', 'Horror']",2.5
1230,Silverhide,6 April 2015 (UK),UK,"['Horror', 'Mystery']",2.6
1231,Gu dao jing hun 2,26 January 2013 (China),China,"['Drama', 'Fantasy']",2.6
1232,Kiss and Kill,8 August 2017 (USA),USA,"['Drama', 'Mystery']",2.6
1233,Siren Song,15 January 2016 (USA),UK,['Horror'],2.7
1234,Full English Breakfast,7 April 2014 (UK),UK,"['Action', 'Crime']",2.7
1235,Aliens,Sci-Fi,South Korea,['Comedy'],2.7
1236,Love U Crazy Girl,9 May 2014 (India),India,[],2.7
1237,La Secta,30 October 2014 (Argentina),Argentina,['Mystery'],2.7
1238,Machine,17 March 2017 (India),India,"['Action', 'Mystery']",2.7
1239,Onus,26 December 2016 (UK),UK,"['Drama', 'Mystery']",2.8
1240,Mumbai 125 KM 3D,17 October 2014 (India),India,"['Drama', 'Horror']",2.8
1241,After Midnight,28 October 2014 (USA),USA,['Mystery'],2.8
1242,House of VHS,23 January 2016 (UK),France,"['Fantasy', 'Horror']",2.8
1243,The Monster,2015 (Iran),Iran,['Drama'],2.8
1244,Cupid's Guillotine,14 February 2017 (USA),USA,"['Drama', 'Mystery']",2.8
1245,"White Lies, Black Lies",15 April 2016 (Taiwan),Taiwan,"['Crime', 'Mystery']",2.8
1246,Das Werwolfspiel,7 May 2013 (Austria),Austria,"['Horror', 'Mystery']",2.9
1247,Psychos,17 March 2017 (USA),USA,"['Crime', 'Drama']",2.9
1248,The Unbidden,22 April 2016 (USA),USA,"['Horror', 'Mystery']",2.9
1249,Banglo Berkunci,26 November 2015 (Malaysia),Malaysia,['Horror'],2.9
1250,Anomaly,Sci-Fi,USA,['Horror'],2.9
1251,Unfinished Lights,31 January 2017 (Iran),Iran,"['Drama', 'Mystery']",2.9
1252,Proklyataya,6 December 2016 (USA),Russia,"['Drama', 'Horror']",2.9
1253,Mara,13 January 2014 (UK),Sweden,"['Horror', 'Mystery']",3.0
1254,Hangman's Game,16 May 2016 (Colombia),Colombia,"['Horror', 'Mystery']",3.0
1255,Implanted,6 December 2013 (USA),USA,"['Drama', 'Mystery']",3.0
1256,The Appearing,25 March 2014 (USA),USA,"['Horror', 'Mystery']",3.0
1257,Haunted House: Demon Poltergeist,1 September 2013 (USA),USA,['Mystery'],3.0
1258,#Horror,20 November 2015 (USA),USA,"['Drama', 'Horror']",3.0
1259,Sisters of the Plague,2016 (USA),USA,"['Drama', 'Horror']",3.0
1260,Minimolude Achhan,28 February 2014 (India),India,['Drama'],3.0
1261,Prank Week,3 August 2017 (USA),USA,"['Crime', 'Mystery']",3.0
1262,Milwood,October 2013 (USA),USA,"['Drama', 'Horror']",3.1
1263,Left Behind,3 October 2014 (USA),USA,"['Action', 'Drama']",3.1
1264,Infernal,10 April 2015 (USA),USA,"['Drama', 'Horror']",3.1
1265,Melancholy,17 June 2017 (Iran),Iran,"['Drama', 'Mystery']",3.1
1266,Red Herring,30 October 2015 (USA),USA,"['Crime', 'Drama']",3.2
1267,Lords of London,6 January 2014 (UK),UK,"['Crime', 'Mystery']",3.2
1268,Tape_13,11 February 2014 (Germany),Germany,['Horror'],3.2
1269,Project Eden: Vol. I,5 January 2018 (UK),USA,"['Mystery', 'Sci-Fi']",3.2
1270,Chill: The Killing Games,22 September 2015 (USA),USA,"['Horror', 'Mystery']",3.3
1271,Windsor Drive,28 August 2015 (USA),USA,['Mystery'],3.3
1272,Roy,12 February 2015 (Kuwait),India,"['Action', 'Drama']",3.3
1273,Intruder,24 June 2016 (USA),USA,"['Horror', 'Mystery']",3.3
1274,The Secret Path,June 2014 (USA),UK,"['Fantasy', 'History']",3.3
1275,Altered Perception,4 May 2018 (USA),USA,"['Fantasy', 'Mystery']",3.3
1276,The Last Supper,9 May 2014 (India),India,"['Adventure', 'Mystery']",3.3
1277,Darbe,31 July 2015 (Turkey),Turkey,[],3.3
1278,Snowbound,20 May 2017 (France),USA,[],3.3
1279,Dead Sea,4 November 2017 (Canada),USA,"['Action', 'Adventure']",3.4
1280,Alone,25 November 2014 (USA),USA,"['Horror', 'Mystery']",3.4
1281,Slaughter Is the Best Medicine,21 April 2014 (UK),UK,"['Action', 'Drama']",3.4
1282,Backgammon,11 March 2016 (USA),Mexico,['Drama'],3.4
1283,Dark Vision,28 January 2015 (USA),UK,"['Horror', 'Mystery']",3.4
1284,Isabel,9 May 2013 (Czech Republic),Czech Republic,"['Drama', 'Fantasy']",3.4
1285,Following the Wicca Man,29 November 2013 (UK),UK,"['Horror', 'Mystery']",3.4
1286,A Perfect Vacation,7 July 2015 (USA),USA,"['Action', 'Horror']",3.4
1287,Table 47,16 May 2015 (USA),USA,"['Crime', 'Drama']",3.4
1288,The Thin Man,5 June 2015 (Australia),Australia,"['Drama', 'Horror']",3.4
1289,Flay,2017 (USA),USA,"['Drama', 'Fantasy']",3.4
1290,Invoked,17 August 2015 (Ireland),Ireland,"['Horror', 'Mystery']",3.4
1291,Belly of the Bulldog,6 October 2016 (Kuwait),UK,"['Action', 'Horror']",3.4
1292,Area:98,Mystery,USA,['Action'],3.4
1293,The Forbidden Girl,7 February 2013 (Germany),Germany,"['Fantasy', 'Horror']",3.5
1294,Model Behaviour,Mystery,Australia,['Action'],3.5
1295,Eden Lodge,24 August 2015 (UK),UK,"['Horror', 'Mystery']",3.5
1296,The Mourning,20 April 2015 (Netherlands),USA,"['Drama', 'Mystery']",3.5
1297,Classroom 6,2 October 2015 (Brazil),USA,['Horror'],3.5
1298,Hunting the Legend,8 July 2014 (Canada),USA,"['Horror', 'Mystery']",3.5
1299,Escape to Entrapment,January 2014 (USA),Australia,['Drama'],3.5
1300,Strange Sounds,18 September 2014 (Poland),Poland,"['Horror', 'Mystery']",3.5
1301,Aliens: Zone of Silence,24 October 2017 (USA),USA,"['Horror', 'Mystery']",3.5
1302,"Burning, Burning",26 September 2015 (UK),Canada,"['Drama', 'Fantasy']",3.5
1303,The Spiritualist,27 September 2016 (UK),UK,"['Drama', 'Horror']",3.5
1304,Wraith,5 November 2018 (Japan),USA,"['Horror', 'Mystery']",3.5
1305,The Devil You Know,9 July 2013 (USA),USA,['Mystery'],3.6
1306,Awakened,21 March 2014 (USA),USA,"['Drama', 'Mystery']",3.6
1307,Persecuted,18 July 2014 (USA),USA,"['Action', 'Drama']",3.6
1308,The Devil's Dozen,1 February 2013 (USA),USA,"['Horror', 'Mystery']",3.6
1309,In a Heartbeat,26 December 2014 (UK),UK,"['Horror', 'Mystery']",3.6
1310,The Before Time,8 March 2016 (USA),USA,"['Horror', 'Mystery']",3.6
1311,Branded,15 September 2017 (USA),USA,"['Drama', 'Mystery']",3.6
1312,Deadly Sanctuary,17 February 2017 (USA),USA,"['Family', 'Mystery']",3.6
1313,Bury,Thriller,USA,['Fantasy'],3.6
1314,Seclusion,23 October 2015 (USA),USA,"['Horror', 'Mystery']",3.6
1315,The Coffin Footage,Thriller,USA,['Horror'],3.6
1316,The Haunted House on Kirby Road,9 September 2016 (Canada),Canada,"['Adventure', 'Comedy']",3.6
1317,One Under the Sun,14 March 2017 (USA),USA,"['Drama', 'Mystery']",3.6
1318,Prisoners of the Sun,12 December 2013 (Thailand),USA,"['Action', 'Adventure']",3.7
1319,Distorted,Thriller,UK,['Horror'],3.7
1320,Assumed Killer,1 November 2013 (USA),USA,"['Drama', 'Mystery']",3.7
1321,Sona Spa,22 March 2013 (India),India,"['Drama', 'Mystery']",3.7
1322,Seventy-Nine,8 June 2017 (USA),USA,"['Action', 'Horror']",3.7
1323,Mississippi Murder,3 January 2017 (USA),USA,"['Crime', 'Mystery']",3.7
1324,Panzer Chocolate,22 November 2013 (Spain),Spain,['Horror'],3.7
1325,Mr Joe B. Carvalho,3 January 2014 (India),India,"['Comedy', 'Mystery']",3.7
1326,The Dooms Chapel Horror,14 June 2016 (USA),USA,"['Horror', 'Mystery']",3.7
1327,The Diplomat Hotel,4 September 2013 (Philippines),Philippines,"['Drama', 'Horror']",3.7
1328,Grim Reapers,27 September 2014 (USA),USA,"['Horror', 'Mystery']",3.7
1329,Venial,14 April 2014 (USA),USA,"['Drama', 'Horror']",3.7
1330,The Unfolding,14 March 2016 (UK),UK,"['Horror', 'Mystery']",3.7
1331,Citrus Springs,17 May 2016 (USA),USA,"['Crime', 'Horror']",3.7
1332,Boned,2016 (USA),USA,"['Action', 'Comedy']",3.7
1333,Falsely Accused,24 June 2016 (USA),USA,"['Crime', 'Mystery']",3.7
1334,Reel Nightmare,7 February 2017 (USA),USA,"['Fantasy', 'Horror']",3.7
1335,Watch Over Us,5 May 2015 (USA),USA,"['Comedy', 'Drama']",3.7
1336,Ek Paheli Leela,10 April 2015 (India),India,"['Mystery', 'Romance']",3.7
1337,The Sound,6 October 2017 (Kuwait),Canada,"['Horror', 'Mystery']",3.7
1338,Sightings,7 November 2017 (USA),USA,"['Adventure', 'Drama']",3.7
1339,Xuan zhan,8 May 2015 (China),China,[],3.7
1340,Inheritance,2 June 2017 (USA),USA,"['Drama', 'Horror']",3.7
1341,Five: Find Your Limit,19 November 2016 (Germany),Germany,['Horror'],3.7
1342,Event Zero,April 2017 (Australia),Australia,"['Action', 'Drama']",3.7
1343,Encontro Silencioso,5 April 2018 (Portugal),Portugal,"['Adventure', 'Drama']",3.7
1344,The Thing on the Doorstep,2014 (USA),USA,"['Horror', 'Mystery']",3.8
1345,ISRA 88,7 February 2017 (USA),USA,"['Adventure', 'Mystery']",3.8
1346,A Cry from Within,3 April 2014 (USA),USA,"['Horror', 'Mystery']",3.8
1347,Death Valley,20 October 2015 (USA),USA,"['Crime', 'Drama']",3.8
1348,Throwback,2014 (Australia),Australia,"['Action', 'Adventure']",3.8
1349,Silent Retreat,12 January 2016 (USA),USA,"['Horror', 'Mystery']",3.8
1350,Mu Tiya Mu the Mysterious Melody,15 September 2015 (USA),Germany,"['Adventure', 'Family']",3.8
1351,The Offering,6 May 2016 (USA),Singapore,"['Drama', 'Horror']",3.8
1352,Braxton,3 July 2017 (UK),UK,"['Horror', 'Mystery']",3.8
1353,Lyst,21 April 2017 (Norway),Norway,"['Horror', 'Mystery']",3.8
1354,Silver Woods,12 September 2017 (USA),USA,['Mystery'],3.8
1355,Charlotte,1 May 2017 (Australia),Australia,['Drama'],3.8
1356,Treehouse,25 June 2015 (South Korea),UK,"['Horror', 'Mystery']",3.9
1357,Roadside,14 April 2015 (USA),USA,"['Drama', 'Horror']",3.9
1358,Camp Dread,19 May 2014 (UK),USA,"['Horror', 'Mystery']",3.9
1359,The Shadow Behind You,14 October 2015 (USA),USA,"['Crime', 'Mystery']",3.9
1360,Gorod-prizrak,3 February 2013 (Russia),Russia,"['Comedy', 'Horror']",3.9
1361,Az Tehran Ta Behesht,August 2013 (Canada),Iran,['Drama'],3.9
1362,Certified Dead,Mystery,Singapore,['Drama'],3.9
1363,Ace the Case,26 August 2016 (USA),USA,['Family'],3.9
1364,Moth,21 February 2017 (USA),UK,"['Drama', 'Horror']",3.9
1365,The Summoning,10 January 2017 (Canada),,"['Drama', 'Mystery']",3.9
1366,Cartels,7 July 2017 (USA),USA,"['Action', 'Crime']",3.9
1367,Skinford,March 2017 (Australia),Australia,"['Action', 'Adventure']",3.9
1368,Valley of Ditches,21 March 2017 (USA),USA,"['Crime', 'Drama']",3.9
1369,Bayou Ghost Story,18 April 2017 (USA),USA,"['Drama', 'Horror']",3.9
1370,Jeepers Creepers 3,2 November 2017 (Mexico),USA,"['Action', 'Horror']",4.0
1371,Alicia's Dream,22 September 2017 (Mexico),USA,"['Drama', 'Horror']",4.0
1372,Betrayal,3 April 2015 (USA),USA,"['Action', 'Adventure']",4.0
1373,Subterranea,13 September 2016 (USA),USA,['Drama'],4.0
1374,The Unwanted,31 March 2014 (USA),USA,"['Drama', 'Horror']",4.0
1375,Don't Go to the Reunion,9 August 2013 (USA),USA,"['Horror', 'Mystery']",4.0
1376,AfterDeath,19 October 2015 (UK),UK,"['Horror', 'Mystery']",4.0
1377,2 Bedroom 1 Bath,5 September 2014 (USA),USA,"['Horror', 'Mystery']",4.0
1378,Apparition of Evil,7 October 2014 (USA),UK,"['Crime', 'Horror']",4.0
1379,Brackenmore,2016 (UK),Ireland,"['Horror', 'Mystery']",4.0
1380,Solitude,October 2014 (USA),USA,"['Action', 'Comedy']",4.0
1381,Zombies vs. Joe Alien,4 February 2017 (USA),USA,"['Adventure', 'Comedy']",4.0
1382,The Emerging Past Director's Cut,28 March 2017 (USA),USA,"['Horror', 'Mystery']",4.0
1383,Sick of it All,3 January 2017 (USA),USA,"['Comedy', 'Drama']",4.0
1384,Buffalo,30 December 2015 (Iran),Iran,['Drama'],4.0
1385,Steel Chamber,28 August 2014 (USA),USA,[],4.0
1386,"Saudó, laberinto de almas",August 2016 (Colombia),Colombia,"['Horror', 'Mystery']",4.0
1387,Achayans,19 May 2017 (India),India,"['Action', 'Comedy']",4.0
1388,GONE,5 June 2017 (USA),USA,['Mystery'],4.0
1389,Alpha Delta Zatan,24 October 2017 (USA),USA,"['Horror', 'Mystery']",4.0
1390,The Midnight Matinee,19 May 2017 (USA),USA,"['Horror', 'Mystery']",4.0
1391,The Secret Kiss,20 September 2017 (UK),UK,['Drama'],4.0
